match id,team1_id,team2_id,team_count_50runs_last15,team_winp_last5,team1only_avg_runs_last15,team1_winp_team2_last15,ground_avg_runs_last15,momentum_score,location_score,batting_score,bowling_score,winners
9331181,11283,12634,1.6666666666666667,0.6721311475409836,139.0,100.0,157.17857142857142,0,0,0,0,0
8797060,20,41,1.2857142857142858,1.9523809523809523,156.0,50.0,103.5,1,1,0,0,1
9433269,10576,8987,0.8571428571428571,0.6721311475409836,173.26666666666668,0.0,154.33333333333334,0,0,0,1,1
9587073,36084,36070,2.1666666666666665,1.975609756097561,164.26666666666668,50.0,144.25,1,0,1,1,1
9516457,30407,48341,0.8181818181818182,1.3278688524590163,164.66666666666666,0.0,189.0,0,1,1,0,0
9457412,42573,40424,1.0,1.0,158.44444444444446,50.0,147.93333333333334,0,1,0,0,0
9292548,27,55,0.7,1.4878048780487805,141.4,50.0,,1,1,1,0,0
9271758,47501,47494,0.9090909090909092,1.4878048780487805,156.15384615384616,40.0,129.93333333333334,1,1,0,1,1
9331048,12634,14860,0.2727272727272727,0.5061728395061729,138.5,0.0,157.69230769230768,0,0,1,0,1
9123162,216,55,0.3478260869565217,0.5061728395061729,154.26666666666668,0.0,148.5,0,0,1,0,0
9516415,30435,30414,0.7894736842105263,1.0,161.73333333333332,33.33,164.46666666666667,0,1,1,0,0
9592470,30435,48334,1.3333333333333333,1.975609756097561,177.86666666666667,0.0,159.10714285714286,1,1,1,1,1
9128510,30400,36014,1.7142857142857142,1.4878048780487805,148.86666666666667,100.0,183.625,1,1,1,0,0
9085222,8301,8987,0.9090909090909092,2.9047619047619047,157.0,33.33,146.82142857142858,1,1,0,1,1
9085320,10618,8917,0.6666666666666666,1.0,157.6,100.0,172.6818181818182,0,0,0,0,1
9516632,30393,48334,1.125,1.4878048780487805,184.53333333333333,100.0,146.45,1,0,1,1,1
9272689,33956,33914,1.4444444444444444,4.809523809523809,157.8,75.0,151.5,1,1,1,1,1
9639125,293,188,0.4666666666666667,0.3442622950819672,152.6,50.0,162.4090909090909,0,1,0,0,0
9433696,7258,7727,1.0666666666666669,1.0,186.2,25.0,146.2,0,1,1,0,0
9657059,1350,251,0.3333333333333333,0.0123456790123456,,0.0,132.0,0,1,1,1,0
9457468,40424,40298,0.6153846153846154,1.4878048780487805,163.3846153846154,0.0,157.16666666666666,0,0,1,1,0
9866373,18360,18570,1.4,1.4878048780487805,165.73333333333332,0.0,,0,1,1,0,0
9680264,47508,47487,1.125,3.857142857142857,148.6,80.0,137.8,1,0,0,0,1
9352356,20,48,1.15,1.0,169.73333333333332,50.0,149.06666666666666,1,1,0,0,1
9433598,8917,10618,0.8666666666666667,0.7530864197530864,179.4,0.0,169.8,0,1,1,1,1
9432989,10366,10618,0.6,1.0,172.0,50.0,148.96666666666667,0,0,1,1,1
9027381,17583,17653,0.75,0.7530864197530864,150.66666666666666,0.0,108.5,0,0,0,1,0
9271765,47480,47508,0.4545454545454545,1.975609756097561,150.85714285714286,66.67,129.93333333333334,1,1,1,1,1
9076815,40452,42573,0.6,1.0,,0.0,112.8846153846154,1,1,1,1,0
9331097,12389,12046,0.125,0.6721311475409836,168.66666666666666,0.0,127.9,0,1,0,1,0
9290966,55,293,2.571428571428572,1.0,173.26666666666668,100.0,145.13333333333333,1,1,1,1,1
9051055,44904,40592,1.7777777777777777,1.975609756097561,171.07692307692307,50.0,169.46666666666667,1,1,0,0,1
9272437,33963,33914,0.75,0.5061728395061729,164.4,40.0,155.96666666666667,0,1,0,1,0
9489444,46773,46752,1.5,1.0,149.53333333333333,0.0,151.1,1,0,1,0,0
9176320,48,118,3.6,1.975609756097561,163.6,0.0,,1,1,1,0,1
9388483,17583,17744,0.6428571428571429,0.3442622950819672,153.4,66.67,133.22222222222223,0,1,0,0,0
9290609,62,20,1.2352941176470589,0.3442622950819672,161.33333333333334,33.33,172.86666666666667,1,1,0,0,0
9407614,48929,48943,0.8571428571428571,1.0,,0.0,140.26666666666668,1,1,1,1,1
9823057,202,237,1.0,0.5061728395061729,152.4,66.67,146.5,0,1,0,0,0
9516730,30435,48341,1.1875,1.0,171.66666666666666,100.0,171.7,0,1,1,1,1
9692472,55,216,3.0,1.0,179.93333333333334,100.0,160.33333333333334,1,0,0,0,1
9027262,17653,17583,0.9166666666666666,1.0,162.6,100.0,157.83333333333334,1,0,1,0,1
9433878,9876,8182,0.7777777777777778,0.7530864197530864,192.0,0.0,151.2,1,1,0,0,1
9433640,8987,8301,1.7142857142857142,1.4878048780487805,164.53333333333333,50.0,154.66666666666666,1,1,1,1,1
9085089,7258,9967,0.5294117647058824,1.0,155.53333333333333,0.0,137.55555555555554,0,1,1,0,1
9272724,33956,33963,1.3,4.809523809523809,164.33333333333334,80.0,149.39285714285714,1,0,1,1,1
9407719,48929,48950,0.6190476190476191,1.4901960784313726,140.75,0.0,122.75,1,1,0,0,0
9085299,8987,6838,1.4285714285714286,21.0,151.4,100.0,158.42307692307693,1,1,1,1,1
9680285,47508,49657,1.5555555555555556,1.9803921568627447,146.66666666666666,0.0,137.16666666666666,1,0,0,1,1
9457685,45072,35790,1.0,0.6039603960396039,159.64285714285714,0.0,149.6,0,1,0,1,1
9085117,10576,8301,1.5,0.5121951219512195,175.0,50.0,159.6818181818182,0,1,1,0,0
9407670,48922,48929,0.6,0.3399009900990098,125.33333333333331,0.0,164.5,0,1,1,1,1
9433647,8917,6698,0.6111111111111112,1.0,181.2,66.67,168.4,0,0,0,0,0
8950822,55,34,1.818181818181818,1.2469135802469136,154.53333333333333,0.0,135.96666666666667,0,1,1,0,0
9433542,6698,10618,1.0,0.4059405940594059,165.13333333333333,50.0,140.0,0,1,0,0,1
9484565,40578,40592,1.1,1.9523809523809523,175.73333333333332,66.67,170.9,0,1,1,1,1
9249162,895,300,1.0,1.0,,0.0,,1,1,1,1,0
9684450,45933,12718,1.0,0.2592592592592592,131.25,0.0,130.46153846153845,0,1,1,0,0
9027451,17982,17653,0.4285714285714285,1.2469135802469136,144.73333333333332,75.0,146.4,1,1,0,1,1
9085243,10576,10618,1.2,0.2592592592592592,168.33333333333334,0.0,163.57142857142858,0,0,0,0,0
9087238,188,62,0.5,0.3442622950819672,152.73333333333332,0.0,158.0,0,0,0,0,0
9097367,23869,23750,0.375,2.463414634146341,147.0,0.0,145.45833333333334,1,1,0,1,0
9457454,40452,40424,0.6666666666666666,1.0,152.5,0.0,157.0,0,0,0,1,0
9433388,9876,7573,1.2857142857142858,0.7530864197530864,170.73333333333332,50.0,142.9,0,1,0,0,1
9076878,47529,42573,0.1,0.3399009900990098,137.33333333333334,0.0,143.5,0,1,1,0,1
9344418,23750,22784,0.4285714285714285,1.3278688524590163,143.69230769230768,100.0,144.07142857142858,1,1,1,1,1
9084599,9967,7573,1.8888888888888888,2.9047619047619047,162.9090909090909,100.0,150.0,1,1,0,0,0
9327534,251,1210,1.0,67.67,110.66666666666669,0.0,134.0,1,1,1,1,1
9051181,44904,40592,1.2727272727272727,1.6557377049180328,176.46666666666667,66.67,168.625,1,1,0,1,1
9087259,55,20,1.2777777777777777,0.801980198019802,166.93333333333334,60.0,154.66666666666666,0,0,1,0,0
9128517,48334,30435,1.5,1.853658536585366,173.25,0.0,182.0,0,1,0,1,1
9085348,8056,9876,0.4117647058823529,0.6721311475409836,158.0,66.67,137.17857142857142,0,1,1,0,0
8844331,69,27,0.7894736842105263,0.2079207920792079,134.26666666666668,0.0,164.36666666666667,0,0,0,1,0
9668539,55,41,1.7272727272727273,1.0,175.66666666666666,50.0,152.85714285714286,1,0,0,1,0
9457671,47529,35790,1.375,0.6039603960396039,167.26666666666668,100.0,148.6,1,1,0,1,0
9094406,46731,46752,1.4166666666666667,2.9047619047619047,138.33333333333334,100.0,148.9,1,1,1,1,1
9084571,8056,9701,1.3076923076923077,1.0,168.66666666666666,33.33,168.4375,0,0,1,1,0
9433206,7258,9967,2.833333333333333,3.857142857142857,165.06666666666666,50.0,163.6,1,1,1,1,1
9087119,76,62,0.5882352941176471,2.463414634146341,159.93333333333334,33.33,152.05555555555554,1,0,1,1,1
9262042,36084,36098,0.5454545454545454,1.0,155.8,100.0,157.76666666666668,1,1,1,0,0
9097325,22497,23113,1.0,0.0123456790123456,150.0,0.0,152.0,0,1,1,0,1
9097479,202,237,0.5,0.0099009900990099,,0.0,138.0,0,1,1,1,1
9087028,41,216,2.125,0.3442622950819672,174.93333333333334,0.0,159.4375,1,0,1,0,0
9077018,40424,42573,0.5,1.0,156.125,0.0,133.33333333333334,0,1,0,1,1
9489388,46731,46752,1.0769230769230769,1.4878048780487805,144.66666666666666,100.0,150.7,1,0,1,0,1
9516373,30414,48334,1.2857142857142858,0.6721311475409836,170.93333333333334,0.0,150.27777777777777,0,0,0,0,1
9433164,9701,8056,0.5,1.975609756097561,159.46666666666667,60.0,160.625,1,1,0,1,1
9084739,9876,7608,2.5,1.0,164.45454545454547,100.0,136.25,0,1,0,0,1
9516422,48341,30400,0.6470588235294118,1.975609756097561,162.75,100.0,154.73333333333332,1,1,0,1,0
9330719,12046,15497,1.3333333333333333,1.975609756097561,170.88888888888889,0.0,175.0,1,1,0,0,0
9702783,33928,33949,1.4444444444444444,1.0,175.93333333333334,40.0,152.78571428571428,0,1,1,1,0
9084676,6838,10366,1.0,0.3442622950819672,178.0,100.0,148.0,0,0,0,0,0
9290903,62,55,1.0952380952380951,1.3278688524590163,159.8,100.0,136.6,1,1,1,1,0
9717504,48,188,1.0,0.6039603960396039,177.4,80.0,159.66666666666666,0,0,1,1,0
9684429,11591,13166,5.0,1.975609756097561,146.75,0.0,130.46153846153845,1,1,0,1,1
9433059,8700,7727,0.9090909090909092,0.2592592592592592,166.86666666666667,100.0,148.13333333333333,0,1,1,0,0
9484481,40606,44904,0.8571428571428571,0.7530864197530864,166.0,25.0,,0,1,1,1,1
9407663,48950,48936,1.4285714285714286,0.5073149105955371,146.33333333333334,0.0,81.5,0,1,1,0,1
9592463,30414,48341,1.2,0.6721311475409836,183.7333333333333,0.0,158.69230769230768,0,1,0,1,1
9128594,48334,30435,1.5,81.0,178.4,100.0,169.0,1,0,0,1,1
9094392,46773,46759,0.9333333333333332,1.0,144.54545454545453,0.0,145.1818181818182,0,0,0,0,0
9407649,48936,48950,0.6842105263157895,1.0,171.0,0.0,141.53333333333333,0,0,0,0,1
8844324,69,27,0.7894736842105263,0.5061728395061729,138.2,0.0,162.38888888888889,0,1,0,1,0
9516352,48334,30421,0.8823529411764706,1.0,181.0909090909091,100.0,145.625,1,1,0,0,1
9684485,13971,14454,0.125,0.0163934426229508,125.08333333333331,0.0,167.57142857142858,0,0,0,0,0
9085229,8917,10366,1.5454545454545454,1.975609756097561,174.4,0.0,168.75,0,0,1,1,0
9433626,9967,8056,0.6,0.0476190476190476,182.53333333333333,50.0,168.1153846153846,0,0,0,1,0
9407656,48733,48943,0.6923076923076923,67.67,133.0,0.0,142.23333333333332,1,1,1,1,0
9457559,40298,42573,1.5555555555555556,2.9047619047619047,161.5,100.0,152.5,1,0,1,0,1
9457622,45072,35790,0.875,1.0,166.0909090909091,0.0,155.6,1,1,1,1,0
9076920,45072,42573,0.75,0.0196078431372549,202.0,0.0,121.06666666666666,0,1,1,0,0
9085019,6698,10576,0.7333333333333333,3.857142857142857,162.93333333333334,0.0,166.08333333333334,1,1,0,0,1
9128545,30428,30400,0.6666666666666666,1.0,170.53333333333333,50.0,183.3333333333333,0,1,0,1,1
9702699,33928,33956,0.8333333333333334,0.5061728395061729,173.46666666666667,50.0,141.33333333333334,0,0,0,1,0
9668553,41,55,0.4285714285714285,1.4878048780487805,176.0,60.0,160.25,0,0,1,1,0
9084669,6698,8301,1.75,0.6721311475409836,170.0,50.0,171.3125,0,1,1,0,1
9331391,15623,11591,0.2666666666666666,1.3278688524590163,154.13333333333333,0.0,164.65384615384616,1,0,0,0,0
9684534,13474,12046,1.6,1.0,149.92857142857142,0.0,130.75,1,1,1,1,0
9128461,30435,30393,1.2727272727272727,0.6721311475409836,157.46666666666667,0.0,168.33333333333334,0,0,1,0,0
9085369,7258,9967,1.2,2.463414634146341,161.26666666666668,33.33,155.57142857142858,1,1,1,1,1
9222394,27,41,1.0588235294117647,1.0,147.46666666666667,60.0,164.07142857142858,1,1,0,0,1
9433493,10366,10576,1.1111111111111112,1.4878048780487805,177.0,33.33,164.1,1,1,0,1,1
9272717,33921,33928,0.8666666666666667,1.0,160.06666666666666,50.0,162.08333333333334,0,0,1,1,1
9094252,46745,46731,0.9411764705882352,1.4878048780487805,152.375,0.0,172.83333333333334,0,0,1,1,0
9516821,30393,48341,1.8666666666666667,1.0,184.06666666666663,50.0,185.3333333333333,0,0,0,0,0
9457636,47529,40298,0.8571428571428571,0.801980198019802,167.53333333333333,66.67,158.5,1,1,0,1,0
9657122,251,1350,2.0,101.0,129.30769230769232,100.0,118.33333333333331,1,1,1,1,1
9272661,33942,33949,1.2,1.4878048780487805,157.33333333333334,60.0,158.71428571428572,0,0,1,1,1
9516786,36014,30393,0.6538461538461539,0.6721311475409836,184.46666666666667,33.33,180.0,0,0,0,1,0
9250373,90,118,1.0,1.9615384615384608,181.0,0.0,135.0,1,0,0,1,0
9433591,7258,9701,1.1666666666666667,1.6557377049180328,182.6,50.0,152.28571428571428,0,1,1,0,0
8887661,33935,33949,0.4666666666666667,1.975609756097561,178.33333333333334,100.0,128.5,1,1,1,0,1
9262119,36112,38814,1.1428571428571428,0.3442622950819672,169.2,66.67,157.9,0,0,0,0,1
9684576,45954,13166,1.0,2.9047619047619047,117.36363636363636,0.0,128.66666666666666,1,1,1,1,0
9330733,14629,13131,2.0,1.4878048780487805,139.66666666666666,0.0,153.83333333333334,1,1,0,0,1
9128678,30393,30414,0.9473684210526316,0.6721311475409836,156.4,0.0,163.58333333333334,0,0,0,1,1
9407684,48922,48929,0.8,1.0,136.0,100.0,175.25,1,1,1,0,0
9272451,33956,33928,1.7777777777777777,1.0,164.86666666666667,33.33,152.5,0,1,0,0,1
9516604,30400,48341,1.3333333333333333,0.6721311475409836,184.2,50.0,169.5,0,0,1,0,0
9051244,40606,44904,0.4736842105263157,0.4059405940594059,165.86666666666667,0.0,161.78571428571428,0,0,0,1,1
9027423,17744,17583,1.0,0.024390243902439,181.06666666666663,0.0,136.5,0,1,1,0,1
9484642,44904,40578,1.0714285714285714,0.6721311475409836,173.6,60.0,166.0,1,1,1,0,0
9433857,7608,7727,0.2222222222222222,0.6721311475409836,154.13333333333333,33.33,151.6,0,1,0,1,0
9087182,20,48,1.1111111111111112,1.2469135802469136,184.53333333333333,0.0,163.875,0,1,0,1,1
9433619,6838,10366,1.1111111111111112,0.5061728395061729,166.26666666666668,50.0,153.76666666666668,0,1,1,0,0
9433465,7727,8056,1.3333333333333333,81.0,166.2,50.0,159.1,1,1,0,1,0
9856748,76,216,0.1428571428571428,1.975609756097561,152.93333333333334,100.0,145.30769230769232,1,1,1,0,0
9388378,18570,18360,2.0,61.0,163.33333333333334,100.0,155.625,1,1,0,1,1
8950843,55,34,1.5,1.0,154.66666666666666,50.0,,1,1,0,1,1
9128391,30407,30400,0.5333333333333333,1.0,153.5,50.0,164.33333333333334,0,1,1,1,0
9657038,825,251,0.3333333333333333,0.3209876543209876,146.75,0.0,126.0,0,0,1,0,0
9489479,46738,46766,1.0588235294117647,2.9047619047619047,144.0,50.0,160.53333333333333,1,0,0,1,0
9680215,47501,49657,1.0,81.0,148.53333333333333,0.0,148.75,1,1,1,1,0
9516688,48341,48334,1.0,1.4878048780487805,160.4,100.0,160.46666666666667,1,1,0,0,1
9128636,30393,48341,2.0,0.8026315789473685,156.46666666666667,0.0,178.8125,1,1,1,0,0
9680159,47501,47487,0.8,1.975609756097561,153.8,100.0,132.0,1,0,1,1,1
9587045,36126,36084,0.8333333333333334,0.7530864197530864,159.53333333333333,33.33,135.5,0,1,0,1,0
9433892,10576,7727,0.6875,1.0,178.46666666666667,0.0,148.96666666666667,0,1,0,1,0
9433332,8056,9876,1.2222222222222223,0.5121951219512195,166.33333333333334,40.0,158.5,0,1,1,1,0
9084844,10576,10366,1.1538461538461535,0.2592592592592592,166.92857142857142,50.0,157.4,0,1,0,0,1
9128454,30414,36014,1.3846153846153846,1.9523809523809523,169.4,100.0,148.33333333333334,1,1,0,0,0
9433738,8056,8700,1.5714285714285714,61.0,171.66666666666666,66.67,160.53333333333333,1,1,1,1,1
9087252,48,62,1.125,1.0,170.33333333333334,33.33,152.5,1,0,1,0,0
9516639,30421,48341,1.1538461538461535,0.3442622950819672,176.6,0.0,160.06666666666666,0,1,0,1,1
9407600,48950,48733,2.5,1.0,,0.0,,1,1,1,1,0
9097038,769,202,0.1666666666666666,0.0099009900990099,158.0,0.0,147.5,0,0,1,0,1
9344271,23869,22497,0.1666666666666666,1.3278688524590163,145.83333333333334,100.0,162.75,1,1,0,1,0
9272633,33921,33935,1.181818181818182,0.2592592592592592,159.26666666666668,20.0,162.63636363636363,0,0,1,1,0
9587017,36084,38814,1.0,2.9047619047619047,159.0,25.0,158.66666666666666,1,0,1,1,1
9489353,46759,46745,1.3076923076923077,1.0,142.69230769230768,0.0,167.83333333333334,0,1,1,1,1
9407824,48929,48943,0.8666666666666667,1.0,168.11111111111111,100.0,160.58333333333334,1,1,0,0,0
9128531,30407,36014,0.6,1.0,149.66666666666666,50.0,163.21428571428572,0,1,0,0,0
9433437,7258,7573,1.4285714285714286,1.0,170.6,50.0,147.16666666666666,1,1,0,1,1
9086986,209,118,0.375,0.3442622950819672,141.88888888888889,100.0,135.0,1,1,0,0,0
9433185,10366,8917,0.8666666666666667,2.9047619047619047,173.53333333333333,100.0,170.42857142857142,1,1,1,1,1
9290616,20,62,0.9,2.9047619047619047,165.4,75.0,170.96666666666667,0,1,1,1,0
9433339,10576,8917,0.8666666666666667,2.9047619047619047,177.93333333333334,66.67,162.44444444444446,0,0,1,1,0
9793818,293,69,0.4,1.0,149.0,0.0,126.0,0,0,0,1,1
9250401,76,118,2.0,1.0,162.2,0.0,153.0,1,0,1,1,1
9250387,174,28594,1.0,1.0,194.3333333333333,0.0,140.0,1,1,1,1,0
9489318,46766,46780,1.8,0.6721311475409836,147.23076923076923,100.0,150.16666666666666,0,1,0,1,1
9128503,48341,30428,0.5882352941176471,0.8360655737704918,166.5,0.0,161.5,0,1,0,0,1
9684177,45954,11591,0.0909090909090909,1.3278688524590163,122.6,0.0,139.36363636363637,1,1,1,0,0
9407607,48922,48936,0.7142857142857143,1.0,,0.0,137.26666666666668,1,1,1,1,1
8887864,33949,33928,1.6666666666666667,1.0,168.13333333333333,33.33,156.1818181818182,0,1,0,1,1
9301991,202,146,2.333333333333333,1.7768715409263036,173.0,0.0,144.80769230769232,1,0,0,1,0
8887885,33914,33963,1.2727272727272727,1.0,161.93333333333334,33.33,163.17857142857142,0,1,1,1,1
9097297,23113,23869,3.0,0.801980198019802,132.71428571428572,0.0,150.4,1,0,0,1,0
9702671,33921,33949,1.4444444444444444,2.9047619047619047,156.8,50.0,163.35714285714286,1,0,0,1,1
9489402,46780,46738,0.4444444444444444,1.0,157.26666666666668,33.33,146.7,1,1,0,0,0
9085383,8301,8917,0.5555555555555556,1.0,154.53333333333333,50.0,156.125,1,1,1,1,1
9438274,216,76,1.1666666666666667,0.6721311475409836,162.2,60.0,148.3,0,0,1,1,0
9484544,40606,40592,1.8571428571428568,2.9047619047619047,167.13333333333333,50.0,172.5,1,1,1,1,1
9097073,202,237,3.5,1.0657894736842106,178.0,100.0,141.16666666666666,1,0,0,1,1
9272409,33914,33963,1.0,1.0,161.6,50.0,159.5,0,0,1,1,1
9128573,30428,30421,0.9411764705882352,1.4878048780487805,172.46666666666667,50.0,167.76666666666668,0,1,1,0,1
9433528,8182,8917,1.3333333333333333,0.5121951219512195,162.0,50.0,171.83333333333334,1,0,1,0,1
9085236,7258,8700,1.0909090909090908,3.857142857142857,161.6,66.67,145.83333333333334,1,0,1,1,1
9592484,48341,30414,1.0625,1.0,175.2,50.0,165.66666666666666,0,1,1,0,0
9516597,48334,30407,3.0,0.6721311475409836,181.2142857142857,0.0,173.375,1,1,1,1,1
9433444,9876,9967,1.8333333333333333,2.9047619047619047,175.86666666666667,33.33,165.79166666666666,1,1,1,1,1
9084781,9967,9701,0.6875,0.5061728395061729,164.71428571428572,0.0,169.3125,0,1,1,0,1
9407698,48936,48929,1.1666666666666667,0.7536574552977686,181.75,0.0,145.4,0,0,1,1,0
9388406,18360,17583,0.2666666666666666,0.024390243902439,159.06666666666666,0.0,140.66666666666666,0,1,0,0,1
9587024,36112,36070,1.1428571428571428,1.975609756097561,173.6,40.0,158.66666666666666,0,0,1,1,1
9085264,7727,9701,0.5294117647058824,0.6721311475409836,165.06666666666666,25.0,173.91666666666666,0,0,0,1,1
9097437,22497,23750,0.7142857142857143,0.5061728395061729,156.0,0.0,142.46666666666667,0,1,1,1,1
9849713,1224,251,0.3333333333333333,0.0123456790123456,,0.0,127.5,0,1,1,1,0
9290910,188,293,1.4285714285714286,0.5121951219512195,132.8,100.0,135.93333333333334,0,0,1,1,0
9433304,8182,8987,1.0,0.6721311475409836,165.0,66.67,155.4,1,0,0,1,0
9352363,48,20,0.782608695652174,1.0,171.26666666666668,33.33,160.0,0,0,0,1,1
8887787,33956,33942,0.6666666666666666,1.975609756097561,173.26666666666668,0.0,128.5,1,1,0,1,1
9097255,23750,22497,2.0,41.0,139.2,0.0,142.5,1,1,1,1,1
9516758,30414,30400,1.5833333333333333,1.4878048780487805,185.26666666666668,75.0,159.79166666666666,1,0,1,1,0
9185399,30393,48334,0.5357142857142857,0.7530864197530864,166.4,0.0,154.15,0,1,1,1,1
9327492,195,1490,3.0,34.33,129.0,0.0,122.5,1,1,1,1,0
9085054,8056,9701,0.3125,0.0123456790123456,154.73333333333332,25.0,172.05,0,1,0,1,1
9702706,33921,33963,1.0,2.9047619047619047,161.06666666666666,50.0,156.70833333333334,1,1,1,1,1
9085467,7258,8182,1.5,1.6557377049180328,166.53333333333333,0.0,152.08333333333334,0,1,1,1,0
9377325,48,62,0.6923076923076923,0.5061728395061729,176.73333333333332,25.0,162.5,0,0,0,1,1
9085411,10366,8182,1.3333333333333333,1.0,165.6,0.0,150.5909090909091,0,1,1,1,0
9433577,8917,8987,0.9166666666666666,0.6721311475409836,182.46666666666667,0.0,173.0,0,1,1,0,1
9457391,42573,40452,1.4,1.0,164.125,100.0,142.86666666666667,1,0,1,0,0
9128489,30414,30393,1.6363636363636365,0.3442622950819672,166.93333333333334,100.0,152.9,0,1,1,0,1
9388476,17653,17982,1.3333333333333333,0.6721311475409836,161.13333333333333,20.0,154.43333333333334,0,1,0,0,1
9457615,40424,40298,0.6666666666666666,0.0123456790123456,167.2,0.0,155.6,0,1,0,1,0
9331167,11157,12473,5.0,0.5121951219512195,151.55555555555554,0.0,157.17857142857142,0,0,0,1,0
9094329,46766,46738,1.5555555555555556,0.024390243902439,152.11111111111111,0.0,148.5,0,1,1,1,1
9262140,36126,36084,0.9,0.3442622950819672,151.14285714285714,0.0,134.0,0,1,0,1,1
9331356,14454,13474,1.0,0.6721311475409836,144.83333333333334,100.0,160.0,0,1,0,0,1
9684233,14454,11157,1.2,1.9523809523809523,156.66666666666666,0.0,156.5,1,1,1,0,1
9085488,7727,9701,0.6470588235294118,1.3278688524590163,165.4,40.0,146.16666666666666,0,0,1,1,1
9085096,9701,7608,2.6666666666666665,1.4878048780487805,164.6,100.0,173.3181818181818,1,0,1,0,1
9681531,216,300,2.5,0.2079207920792079,156.8,0.0,152.1,1,0,1,1,1
9657080,195,251,1.3333333333333333,0.5061728395061729,143.85714285714286,33.33,118.3125,0,1,0,1,0
9849755,251,195,0.6666666666666666,3.857142857142857,129.26666666666668,80.0,134.375,1,1,1,0,1
9830750,209,76,0.4,1.0,138.91666666666666,100.0,121.5,0,1,1,1,0
9250303,90,174,3.0,51.0,169.0,0.0,,1,1,1,1,1
9085180,8987,8182,2.0,0.3442622950819672,155.4,50.0,,0,1,1,0,0
9150140,293,216,0.7777777777777778,1.4878048780487805,164.57142857142858,0.0,152.14285714285714,1,0,1,0,1
8797053,20,41,1.6666666666666667,61.0,159.53333333333333,100.0,,1,1,0,0,0
9433780,7258,8700,3.333333333333333,41.0,183.86666666666667,80.0,157.13333333333333,1,1,1,0,0
9725750,27,55,0.7391304347826086,1.3278688524590163,167.53333333333333,33.33,155.0,0,0,1,1,0
9388427,17653,18570,1.3333333333333333,0.5061728395061729,166.46666666666667,40.0,155.66666666666666,0,1,1,0,0
9051111,40606,40592,1.1428571428571428,1.0,163.9090909090909,50.0,172.26666666666668,1,0,0,0,0
9407628,48733,48936,0.6428571428571429,101.0,142.0,0.0,142.5,1,1,1,1,0
9150154,293,216,0.7,1.4878048780487805,166.2,33.33,155.375,1,0,1,0,0
9128664,30428,30400,0.8947368421052632,61.0,175.33333333333334,66.67,169.56666666666666,1,0,0,1,0
9085439,6838,6698,0.4545454545454545,0.0123456790123456,173.53333333333333,0.0,165.58333333333334,0,1,0,1,0
9087021,202,209,1.3333333333333333,1.9523809523809523,165.0,0.0,132.3,1,1,0,0,1
9076899,47529,42573,0.1111111111111111,0.7536574552977686,138.25,100.0,156.66666666666666,0,0,0,0,1
9433199,10618,8182,0.8666666666666667,0.6721311475409836,179.46666666666667,33.33,167.03333333333333,0,1,1,0,1
9344292,23869,22784,0.2,1.4878048780487805,147.14285714285714,100.0,157.0,1,0,0,1,0
9433745,8917,8301,2.5,2.9047619047619047,181.3333333333333,33.33,155.63333333333333,1,1,0,1,1
9084984,7608,9701,0.4117647058823529,0.5061728395061729,169.8,0.0,162.5,0,1,0,1,0
9713206,55,34,1.75,1.975609756097561,185.46666666666667,60.0,164.5,1,1,1,1,1
9433675,8987,10576,1.0,1.975609756097561,163.66666666666666,50.0,165.91666666666666,1,1,1,0,0
9484712,40606,44904,0.631578947368421,0.6721311475409836,185.06666666666663,60.0,156.4,1,0,0,0,1
9085495,7727,8182,1.0,1.3278688524590163,165.4,0.0,146.16666666666666,0,0,0,1,1
9097108,216,202,1.1428571428571428,0.7530864197530864,156.26666666666668,0.0,141.15,0,0,1,0,0
9516660,30400,36014,0.7333333333333333,0.5121951219512195,181.8,60.0,185.75,0,1,0,0,1
8938355,20,55,1.6666666666666667,0.4059405940594059,163.26666666666668,20.0,144.36666666666667,0,0,1,1,1
9087217,27,293,2.2857142857142856,2.9047619047619047,161.6,0.0,156.33333333333334,1,0,1,1,1
9256393,48,62,1.1666666666666667,2.463414634146341,166.66666666666666,50.0,156.63333333333333,1,0,1,1,0
9299345,195,237,0.5,0.0123456790123456,130.0,0.0,131.5,0,1,1,0,0
9085131,10618,6698,1.1,1.0,160.26666666666668,50.0,,0,1,0,1,0
9087084,69,27,0.7777777777777778,2.463414634146341,159.53333333333333,20.0,151.375,1,0,0,1,0
9262021,36098,38814,1.5714285714285714,0.6721311475409836,173.5,50.0,157.46666666666667,0,1,0,1,1
9377248,41,34,0.5833333333333334,0.5121951219512195,170.33333333333334,40.0,168.125,0,1,1,0,0
9077025,47529,40298,0.5,1.6557377049180328,150.125,50.0,133.33333333333334,1,1,1,1,1
9407789,48936,48929,1.1875,0.3442622950819672,170.0,0.0,158.125,0,1,1,0,1
9680306,49657,47501,1.0,1.9523809523809523,158.8,100.0,133.26666666666668,0,0,1,1,1
9684800,15301,13957,1.1,2.463414634146341,140.66666666666666,0.0,135.375,1,1,0,1,0
9076969,47529,45072,0.5,81.0,143.14285714285714,0.0,156.75,1,0,1,1,1
9457545,45072,35790,0.5714285714285714,1.196985370178809,171.125,0.0,163.25,1,0,0,1,0
9433906,9701,9876,0.7333333333333333,1.0,169.53333333333333,40.0,166.26666666666668,1,1,1,0,1
9290938,293,69,0.5833333333333334,1.0,154.93333333333334,0.0,133.8,1,0,0,1,0
9152352,48,223,3.333333333333333,61.0,154.8,100.0,149.0,1,0,1,1,1
9084837,6838,10618,1.0,41.0,177.66666666666666,100.0,162.80769230769232,0,0,1,1,0
9087063,62,55,0.7391304347826086,0.5061728395061729,167.2,66.67,165.53333333333333,0,1,0,1,0
9587066,36098,36126,0.6,0.5061728395061729,165.0,25.0,140.375,0,0,1,0,0
8887857,33956,33921,0.9090909090909092,2.9047619047619047,169.73333333333332,66.67,164.0,1,1,1,1,1
9433710,8182,6698,1.0,0.6721311475409836,164.46666666666667,100.0,150.06666666666666,0,1,1,0,1
9128713,30393,36014,0.9375,0.6721311475409836,156.0,50.0,168.4,0,0,0,1,1
9680271,47501,49650,0.8333333333333334,0.611709874745121,153.4,100.0,139.13333333333333,1,0,0,1,0
9433612,8182,10576,1.2727272727272727,1.9523809523809523,163.73333333333332,75.0,166.04545454545453,1,0,1,1,0
9051209,40578,44904,0.1764705882352941,0.0099009900990099,175.6,50.0,167.35,0,0,0,0,0
9271723,47494,47487,1.0,1.9523809523809523,149.92307692307693,33.33,158.125,1,1,1,1,0
9489339,46759,46766,0.9411764705882352,1.0,139.08333333333334,50.0,154.93333333333334,1,1,1,1,1
9085145,7727,9876,0.7692307692307693,0.4059405940594059,165.26666666666668,0.0,153.03846153846155,0,1,1,0,0
9262182,36070,38814,1.5714285714285714,2.463414634146341,152.46666666666667,0.0,153.5,1,0,1,1,1
9290623,20,62,1.0,1.4878048780487805,175.0,60.0,173.93333333333334,0,1,0,0,1
9438288,216,76,1.5,0.6721311475409836,159.2,40.0,145.36363636363637,0,0,1,0,0
9097276,23113,22763,1.0,1.0,128.83333333333334,50.0,154.16666666666666,0,1,1,0,1
9433479,8301,10618,0.5333333333333333,0.4059405940594059,162.66666666666666,60.0,168.56666666666666,0,1,0,0,0
9407754,48733,48936,0.65,1.9523809523809523,145.6,0.0,141.83333333333334,0,0,1,1,0
9123225,34,216,2.25,41.0,163.06666666666666,100.0,166.27777777777777,1,1,1,1,1
9330551,45940,11283,0.75,2.9047619047619047,138.71428571428572,0.0,162.0,0,0,1,0,0
8887689,33935,33949,1.2222222222222223,1.3278688524590163,178.73333333333332,100.0,,1,1,0,0,1
9516541,48341,48334,0.7222222222222222,1.4878048780487805,165.8,100.0,148.11111111111111,0,0,1,1,1
9084648,8917,6838,1.0,1.9523809523809523,174.76923076923077,100.0,165.0,1,0,0,0,1
9085075,8700,9876,0.7142857142857143,0.5061728395061729,172.06666666666666,0.0,134.95833333333334,0,1,1,0,0
9262238,36098,36112,1.0,1.0,168.8,66.67,146.2,1,0,0,0,1
9702720,33963,33914,1.2857142857142858,21.0,159.13333333333333,40.0,154.76666666666668,0,1,1,1,0
9097360,23316,22763,0.25,0.0163934426229508,164.0,0.0,148.2,0,1,1,1,0
8887843,33921,33935,0.4375,0.2592592592592592,158.8,25.0,157.38888888888889,0,0,0,0,0
9094301,46738,46759,0.4545454545454545,1.0,140.58333333333334,100.0,140.43333333333334,1,1,0,0,0
9128762,30400,36014,1.1176470588235294,0.5121951219512195,162.0,66.67,155.5,0,0,0,1,1
9262091,36112,36070,0.9090909090909092,0.6721311475409836,174.66666666666666,33.33,158.5,0,0,0,1,0
9725771,55,27,1.6666666666666667,1.3278688524590163,186.53333333333333,80.0,,0,1,1,1,1
9085334,7727,7608,1.6666666666666667,1.4878048780487805,164.6,100.0,152.92857142857142,1,1,1,0,1
9084823,9876,8056,1.2307692307692308,1.4878048780487805,161.5,0.0,167.94444444444446,0,0,0,1,1
8887899,33935,33956,2.333333333333333,1.6557377049180328,178.2,40.0,159.66666666666666,1,0,1,1,1
9433871,10366,7258,0.75,3.857142857142857,179.06666666666666,0.0,161.9,1,0,0,1,0
9084886,10366,8987,1.181818181818182,1.4878048780487805,171.46666666666667,50.0,148.8,0,1,1,0,1
9085208,8700,7573,1.25,1.9523809523809523,165.6,66.67,146.82142857142858,1,1,0,0,0
9128482,48341,36014,0.6153846153846154,2.463414634146341,171.0,0.0,149.875,0,1,0,0,0
9084683,8182,10576,0.75,1.4878048780487805,162.6153846153846,50.0,147.27777777777777,1,1,0,0,1
9457552,40424,47529,0.7,0.3442622950819672,164.66666666666666,0.0,163.25,0,0,0,1,0
9176635,76,293,0.8571428571428571,2.9047619047619047,155.0,0.0,150.91666666666666,0,0,1,1,0
9290924,188,69,0.5833333333333334,1.0,132.73333333333332,0.0,134.93333333333334,0,1,1,1,0
9076857,40298,47529,6.0,0.0196078431372549,,0.0,120.76666666666668,0,1,0,1,1
9084585,10366,8917,1.25,1.0,168.78571428571428,100.0,148.30769230769232,0,0,0,0,1
9076962,40424,40452,0.6666666666666666,0.4117647058823529,157.28571428571428,100.0,156.75,0,0,0,0,1
9272423,33963,33942,1.3333333333333333,1.9523809523809523,163.4,100.0,157.5,1,0,0,1,0
9433605,9876,7573,1.3333333333333333,1.975609756097561,184.2,66.67,144.86666666666667,1,1,0,0,1
9503885,202,293,1.0,61.0,161.53846153846155,100.0,138.63333333333333,1,1,0,1,0
9084942,6698,8917,1.1666666666666667,1.975609756097561,162.46153846153845,100.0,171.07142857142858,0,0,0,0,0
9087245,55,76,2.333333333333333,1.0,167.2,0.0,166.06666666666666,0,1,1,1,1
9094231,46780,46731,0.7058823529411765,1.975609756097561,151.0,100.0,148.06666666666666,1,0,1,1,0
9484495,40592,44904,0.5714285714285714,0.6721311475409836,176.2,25.0,174.5,0,0,1,1,0
9087014,69,118,1.625,1.6557377049180328,160.53333333333333,100.0,132.3,1,1,0,1,1
9027416,17653,17982,2.2,0.801980198019802,162.86666666666667,33.33,156.55,0,0,1,0,0
9433556,9876,7727,0.8571428571428571,1.0,186.0,100.0,145.93333333333334,0,1,1,1,0
9222387,41,27,0.7916666666666666,1.0,172.4,60.0,139.1,0,1,0,1,0
9516709,30393,30435,1.5,1.0,180.53333333333333,100.0,169.3,1,1,0,0,0
8887829,33921,33949,0.4375,0.5121951219512195,160.4,50.0,156.85,0,1,1,0,0
9272528,33963,33928,1.8571428571428568,1.0,166.73333333333332,50.0,,0,1,0,0,1
9433024,8301,8182,1.0,1.2469135802469136,163.26666666666668,50.0,154.2,0,1,1,1,1
9220063,41,188,1.5714285714285714,1.9523809523809523,166.73333333333332,100.0,,1,1,1,1,1
9084914,10618,8987,0.6363636363636364,1.0,169.13333333333333,0.0,166.07142857142858,0,0,1,1,1
9084830,8917,8182,0.8,0.5061728395061729,178.21428571428572,50.0,150.25,0,1,0,0,0
9272668,33963,33928,0.9230769230769232,0.5121951219512195,167.33333333333334,66.67,154.1153846153846,0,1,0,0,0
9097346,23841,22497,1.0,1.1942907078357123,158.85714285714286,0.0,147.11111111111111,1,0,1,0,0
9644116,48,202,4.0,1.0,173.6,0.0,146.1,0,1,1,1,1
9331300,45940,12634,0.75,0.5061728395061729,132.625,0.0,153.06666666666666,0,1,0,0,0
9344376,23869,23316,0.3333333333333333,1.0,143.25,100.0,148.9,1,1,0,0,1
9587031,36126,36098,1.25,0.6721311475409836,161.2,66.67,154.875,0,0,0,0,1
9433570,7573,7608,1.0,1.0,176.2,33.33,151.9,1,1,0,1,1
9433325,9701,7258,0.6923076923076923,1.3278688524590163,158.73333333333332,33.33,167.33333333333334,0,1,1,1,1
9433864,8987,8301,1.0,61.0,166.4,60.0,159.5,1,1,1,0,1
9327499,958,1210,1.0,1.0,,0.0,105.0,1,1,1,1,1
9516471,30393,30421,1.0,1.4878048780487805,174.93333333333334,100.0,171.5,1,1,1,1,1
9484530,40564,40606,0.6923076923076923,0.3442622950819672,164.53333333333333,66.67,174.2,0,0,0,1,1
9087266,62,20,0.8947368421052632,0.801980198019802,160.86666666666667,40.0,164.33333333333334,0,1,1,1,0
9457405,40298,45072,1.6,1.9523809523809523,163.33333333333334,0.0,147.93333333333334,1,1,0,0,0
9128783,30421,30407,1.2142857142857142,1.4878048780487805,168.13333333333333,100.0,160.0909090909091,0,1,0,0,1
9516366,30435,30393,1.0,0.5061728395061729,160.73333333333332,0.0,,0,1,0,0,0
9087189,76,118,0.9090909090909092,2.463414634146341,156.73333333333332,100.0,158.6153846153846,1,0,0,1,0
9516590,30428,30414,0.7727272727272727,0.6721311475409836,180.7333333333333,50.0,125.85714285714286,0,1,0,0,1
9344327,23316,23750,1.0,0.5061728395061729,161.0,0.0,152.28571428571428,0,0,0,0,0
9503878,293,202,1.0,0.024390243902439,149.66666666666666,0.0,136.56666666666666,0,1,1,1,0
9262245,36098,36084,1.4444444444444444,1.0,161.66666666666666,33.33,143.75,0,0,1,0,1
9433913,9701,7258,0.6111111111111112,1.4878048780487805,169.53333333333333,60.0,166.26666666666668,1,1,1,0,1
9433003,7727,9701,2.0,2.463414634146341,165.13333333333333,60.0,177.32142857142858,1,0,1,1,0
9271646,47501,47494,1.5555555555555556,1.0,158.72727272727272,25.0,172.375,1,0,0,0,1
9344285,22763,23316,1.0,0.4117647058823529,140.3,100.0,160.83333333333334,1,1,0,0,1
9330915,12473,14860,0.0833333333333333,0.7530864197530864,135.9,0.0,157.25,0,0,1,1,0
9866345,17982,17744,2.2,0.6721311475409836,149.46666666666667,75.0,153.5,1,1,1,0,1
9084711,7258,9701,0.4285714285714285,0.5061728395061729,159.07692307692307,100.0,173.07142857142858,0,0,1,0,0
9076885,40424,45072,0.8333333333333334,34.33,143.0,0.0,143.5,1,1,1,1,1
9539732,62,293,2.2857142857142856,3.857142857142857,156.73333333333332,100.0,139.46666666666667,1,0,0,0,1
9433227,8056,7573,2.0,1.0,164.93333333333334,100.0,138.5,0,1,0,0,0
9084746,7727,7258,1.1428571428571428,2.9047619047619047,164.64285714285714,100.0,133.16666666666666,1,1,0,1,0
9097416,23316,23841,0.25,0.0476190476190476,149.5,0.0,145.23333333333332,0,1,0,0,1
9614989,27,34,1.0714285714285714,1.4878048780487805,161.06666666666666,100.0,143.63333333333333,0,1,0,1,1
9076906,40452,40298,0.7142857142857143,0.3399009900990098,157.66666666666666,0.0,153.8,0,0,0,1,1
9051083,40550,40564,0.6153846153846154,1.4878048780487805,176.42857142857142,66.67,168.23333333333332,1,1,1,1,1
9489458,46745,46752,1.0833333333333333,1.0,156.2,50.0,171.36666666666667,1,0,1,0,0
9262168,36070,36084,2.1666666666666665,2.463414634146341,157.0,50.0,160.25,1,0,1,1,1
9433311,6838,8301,1.1111111111111112,1.0,173.0,50.0,153.93333333333334,0,1,1,1,0
9684296,45940,15413,0.3333333333333333,0.2592592592592592,127.44444444444444,0.0,,0,1,0,0,0
9128524,30393,30421,0.55,1.4878048780487805,158.8,100.0,166.03333333333333,1,1,0,0,1
9684989,14454,11283,6.0,1.3278688524590163,164.8,0.0,168.22727272727272,1,1,0,0,1
9272696,33928,33935,1.1538461538461535,0.6721311475409836,180.3333333333333,20.0,142.60714285714286,0,1,1,1,0
9128825,36014,30407,0.875,0.5121951219512195,172.53333333333333,66.67,164.33333333333334,0,1,0,0,0
9684751,13131,12473,3.0,0.5061728395061729,146.35714285714286,0.0,148.55,0,1,0,1,0
9793811,62,146,1.6666666666666667,1.196078431372549,153.93333333333334,0.0,,1,1,1,0,1
9128370,30428,36014,1.3333333333333333,0.5121951219512195,168.5,50.0,,1,1,0,0,1
9516485,30400,30435,1.0666666666666669,1.0,183.26666666666668,66.67,166.2,1,1,1,1,0
9051013,40564,44904,1.0,0.5061728395061729,171.54545454545453,50.0,175.2,0,1,0,1,0
9176649,293,76,0.6666666666666666,1.0,171.72727272727272,100.0,153.0625,1,0,0,1,1
9290630,62,20,1.0,0.3442622950819672,164.86666666666667,20.0,175.56666666666666,0,1,1,0,1
9128566,30435,30414,0.7777777777777778,1.0,160.66666666666666,50.0,161.75,0,1,1,0,0
9256351,62,188,7.0,1.9523809523809523,175.13333333333333,100.0,158.0909090909091,1,0,0,0,1
9331006,15623,45961,1.5,3.857142857142857,153.41666666666666,0.0,148.2,1,1,0,1,1
9272430,33928,33935,0.6153846153846154,0.4059405940594059,177.53333333333333,0.0,137.0,0,0,0,0,1
9668532,41,55,0.7,0.6721311475409836,177.4,33.33,138.16666666666666,0,0,1,0,1
9587115,36098,36112,1.1666666666666667,0.3442622950819672,164.66666666666666,75.0,155.1818181818182,0,1,0,1,1
9344369,22784,22497,1.5,1.0,140.36363636363637,100.0,145.77777777777777,0,1,1,1,1
9457573,40452,35790,0.8571428571428571,0.2763157894736842,153.88888888888889,0.0,156.6875,0,0,1,0,0
9128405,48341,30421,0.8,0.024390243902439,,0.0,179.5,0,0,0,1,1
9433360,9967,7258,0.3571428571428571,0.5121951219512195,179.8,40.0,150.66666666666666,0,0,1,0,0
9085152,10366,6698,1.0,0.7530864197530864,159.46666666666667,50.0,141.16666666666666,0,1,0,0,0
9151078,27,69,1.6666666666666667,101.0,133.26666666666668,100.0,,1,1,0,1,0
9344446,23750,22784,0.625,1.3278688524590163,152.78571428571428,100.0,148.6,1,0,1,1,1
9680173,47487,49657,1.4285714285714286,41.0,162.0,0.0,133.4,1,0,1,1,1
9330502,13131,45961,2.0,41.0,151.44444444444446,0.0,128.0,1,0,0,1,0
9051146,40592,40606,0.8888888888888888,2.9047619047619047,170.4,66.67,168.1,0,1,1,1,0
9094245,46773,46766,0.6,1.0,145.42857142857142,100.0,146.3,0,0,1,1,1
9331258,13131,15623,0.6666666666666666,0.7530864197530864,148.91666666666666,0.0,135.16666666666666,0,1,1,1,0
9051174,40550,40578,0.8,61.0,179.0,66.67,164.0,1,1,0,1,1
9684632,11157,13971,6.0,21.0,160.72727272727272,0.0,158.3125,1,1,0,1,1
9084732,10618,6698,0.6666666666666666,0.3442622950819672,170.78571428571428,100.0,169.41666666666666,0,0,0,0,0
9849678,251,209,0.6,2.463414634146341,128.73333333333332,0.0,140.83333333333334,1,1,0,0,0
9250380,251,146,0.3333333333333333,0.0196078431372549,127.0,0.0,153.0,0,0,0,0,1
9887863,202,293,0.8333333333333334,1.0,153.13333333333333,50.0,140.86666666666667,1,0,1,0,1
9344460,22763,23750,1.0,0.6039603960396039,137.21428571428572,33.33,146.16666666666666,0,0,0,1,0
9782072,769,202,0.2,0.8360655737704918,165.0,100.0,136.0,0,0,1,1,1
9433234,7727,7258,0.4705882352941176,1.0,157.0,66.67,150.27272727272728,0,1,0,0,1
9087070,188,118,0.9,0.024390243902439,140.53333333333333,0.0,153.3181818181818,0,0,0,0,1
9094343,46773,46731,0.7222222222222222,1.0,146.8,0.0,151.9,0,1,0,1,0
9388504,18360,17744,0.3076923076923077,0.2592592592592592,160.4,0.0,,0,1,1,1,1
9823064,146,202,1.6666666666666667,1.0,136.66666666666666,50.0,152.5,0,1,0,1,1
9051132,40578,40592,0.75,0.5121951219512195,169.92857142857142,100.0,159.875,1,1,0,0,0
9084963,9967,9876,0.375,1.0,167.2,0.0,133.9090909090909,1,1,1,0,0
9085166,8301,6838,1.2857142857142858,2.9047619047619047,158.13333333333333,33.33,160.66666666666666,1,1,1,0,1
9051230,40550,40578,0.7,81.0,179.53333333333333,75.0,160.875,1,0,1,1,0
9250268,76,174,7.0,41.0,155.26666666666668,0.0,,1,1,1,1,1
9087049,293,20,0.3181818181818182,0.5061728395061729,155.86666666666667,0.0,156.92857142857142,0,0,0,0,0
9484572,40564,44904,0.5294117647058824,0.6721311475409836,165.0,25.0,175.9,0,0,1,1,1
9290637,62,20,1.05,1.0,164.2,40.0,161.26666666666668,0,0,1,1,1
9587038,38814,36070,1.8,1.0,171.13333333333333,66.67,154.875,0,0,1,1,0
9433262,9876,7608,1.8,1.9523809523809523,171.33333333333334,100.0,165.27272727272728,1,1,1,1,0
9702713,33949,33935,0.7333333333333333,0.2592592592592592,161.0,0.0,154.4,0,1,0,0,0
9272759,33928,33921,1.1666666666666667,0.5061728395061729,175.46666666666667,33.33,152.5,0,0,0,0,1
9457629,40424,40452,2.5,0.0476190476190476,164.13333333333333,100.0,158.5,0,1,1,1,1
9684975,12046,14454,0.5,1.0,158.53846153846155,100.0,169.16666666666666,0,1,0,0,0
9516506,30435,36014,1.0,2.9047619047619047,163.2,100.0,186.5,0,1,1,0,1
9097332,23869,23316,1.0,101.0,148.33333333333334,0.0,152.0,1,1,1,1,1
9051118,44904,40550,1.4545454545454546,1.2469135802469136,174.33333333333334,66.67,159.5,1,1,0,1,1
9344404,23869,22763,0.4,1.0,145.55555555555554,0.0,149.04545454545453,1,0,0,0,0
9457433,47529,40424,1.4285714285714286,1.3278688524590163,153.8,100.0,152.42857142857142,1,0,1,0,1
9331244,13957,11220,1.25,0.6721311475409836,142.83333333333334,100.0,135.16666666666666,1,1,1,0,0
9262070,36070,36126,0.8181818181818182,1.0,154.9090909090909,0.0,164.7,0,0,1,1,1
9489416,46773,46745,1.0625,0.3442622950819672,148.46666666666667,50.0,141.7,0,0,1,0,1
9263092,76,188,1.8,2.9047619047619047,159.93333333333334,33.33,148.0,1,0,1,0,1
9094385,46752,46745,0.6842105263157895,0.5121951219512195,149.55555555555554,100.0,141.13333333333333,0,0,0,0,0
9076864,40424,42573,0.7777777777777778,0.504950495049505,143.0,0.0,,0,1,1,1,0
9344432,23316,22784,0.625,0.0163934426229508,157.66666666666666,0.0,150.7,0,0,0,0,1
9027402,18360,17583,0.75,0.3442622950819672,167.07142857142858,0.0,139.0,0,1,1,0,0
9085068,7727,8056,0.9,1.9523809523809523,160.86666666666667,0.0,149.625,1,1,0,0,1
9684562,12669,45933,1.0,1.9523809523809523,151.3,0.0,128.66666666666666,1,1,1,0,1
9407796,48922,48733,0.7857142857142857,2.9047619047619047,138.71428571428572,0.0,168.5,1,1,0,1,1
9407817,48943,48922,1.25,0.7530864197530864,164.83333333333334,0.0,167.91666666666666,0,1,0,0,1
9262126,36126,36070,0.6666666666666666,0.4059405940594059,152.6153846153846,66.67,,0,1,0,0,0
9388441,18570,17982,1.0,1.3278688524590163,160.86666666666667,66.67,154.77777777777777,0,1,0,1,0
9440570,55,48,0.9545454545454546,2.9047619047619047,175.8,80.0,154.66666666666666,1,1,1,1,1
9123197,48,216,1.8,0.5121951219512195,141.66666666666666,0.0,151.25,1,0,0,1,1
9407803,48929,48950,1.0,0.7530864197530864,162.0,0.0,162.2,0,1,0,0,1
9615080,41,20,1.1538461538461535,2.9047619047619047,169.6,60.0,159.4,1,0,1,1,0
9587087,36098,36084,0.6,0.5061728395061729,165.66666666666666,50.0,153.88888888888889,0,0,0,0,0
9457503,40424,42573,1.1428571428571428,1.9523809523809523,161.35714285714286,66.67,157.96153846153845,0,0,0,1,0
8938348,55,20,0.6071428571428571,1.975609756097561,163.86666666666667,60.0,147.16666666666666,1,0,0,1,1
9087224,69,20,0.7142857142857143,0.801980198019802,158.93333333333334,0.0,153.61111111111111,1,0,0,0,0
9077032,40424,40298,0.6,1.0,159.77777777777777,0.0,138.83333333333334,0,1,1,0,0
9388413,17653,17744,0.6470588235294118,1.9523809523809523,166.06666666666666,60.0,186.0,1,1,0,0,0
9128797,48334,30400,1.5625,1.975609756097561,175.0,100.0,159.29166666666666,1,1,1,0,1
9489423,46731,46780,2.142857142857143,1.975609756097561,145.53333333333333,25.0,159.66666666666666,1,0,1,1,1
9331342,32388,15623,1.25,0.5061728395061729,134.22222222222223,0.0,,0,1,1,1,0
9094364,46780,46759,0.4545454545454545,0.6721311475409836,153.23076923076923,100.0,141.83333333333334,1,1,0,1,1
9484656,40606,40578,1.0769230769230769,1.3278688524590163,180.86666666666667,80.0,187.5,1,1,0,0,1
9457496,47529,35790,1.8333333333333333,0.801980198019802,158.1818181818182,0.0,152.86363636363637,1,0,1,1,1
9272640,33914,33949,1.5555555555555556,1.0,168.6,33.33,159.66666666666666,1,0,1,0,0
9290945,55,62,1.2222222222222223,1.0,175.2,50.0,135.26666666666668,1,1,0,1,0
9331363,15623,12046,0.5,1.3278688524590163,150.6,0.0,111.5,1,1,1,1,1
8887717,33928,33914,1.0,61.0,173.33333333333334,100.0,161.04545454545453,1,0,0,1,0
9272731,33921,33949,0.9230769230769232,1.4878048780487805,161.53333333333333,33.33,161.6153846153846,0,0,1,1,1
9051139,40550,40564,0.4117647058823529,2.9047619047619047,179.0,75.0,168.1,1,1,1,1,1
9299331,195,237,0.5,0.0163934426229508,,0.0,,0,1,1,0,0
9271751,47487,47480,1.4285714285714286,0.5061728395061729,164.53846153846155,66.67,136.5,0,1,0,0,0
9027388,17744,18570,1.0,0.5121951219512195,176.86666666666667,50.0,172.16666666666666,0,1,1,0,0
9084725,7727,9701,0.5,1.0,167.84615384615384,33.33,152.0,0,1,0,0,0
9516618,30414,30407,4.0,1.4878048780487805,182.3333333333333,25.0,156.35,1,0,1,1,0
9272766,33949,33963,1.0,1.0,164.6,66.67,154.93333333333334,1,1,1,1,0
8887773,33914,33949,0.5833333333333334,1.0,163.06666666666666,50.0,158.77777777777777,0,0,1,0,0
9176642,293,76,1.4,0.6721311475409836,171.9,100.0,152.14285714285714,1,0,0,0,1
9680180,47501,47508,0.6923076923076923,3.857142857142857,158.0,100.0,138.3,1,0,0,1,0
9615094,20,41,0.7647058823529411,1.0,174.26666666666668,60.0,151.625,0,0,1,0,0
9516387,30407,30428,0.3,2.9047619047619047,159.86666666666667,33.33,144.3181818181818,0,0,1,1,1
9128804,48341,30393,0.7857142857142857,1.975609756097561,163.125,100.0,161.96666666666667,1,0,0,0,0
9185413,30428,48341,1.6666666666666667,0.6721311475409836,173.33333333333334,0.0,155.1,0,1,0,0,0
9489486,46759,46766,0.6666666666666666,1.975609756097561,150.4,66.67,142.96666666666667,1,0,0,1,1
9150133,293,216,0.875,2.9047619047619047,167.84615384615384,0.0,156.91666666666666,1,0,0,0,0
9085047,7258,8700,0.6363636363636364,1.0,153.46666666666667,50.0,135.3125,1,1,0,0,1
9352370,20,48,1.3125,0.6721311475409836,168.4,50.0,160.66666666666666,1,0,0,0,0
9027283,17583,18570,1.5,1.4878048780487805,150.6,50.0,140.5,0,1,0,1,0
9484537,40592,40550,0.6666666666666666,0.6721311475409836,171.13333333333333,0.0,170.46666666666667,0,0,0,0,0
9272612,33963,33956,0.8,0.6721311475409836,171.4,25.0,138.875,0,0,1,0,0
9457594,42573,40298,0.5714285714285714,0.3442622950819672,162.92307692307693,0.0,157.5,0,0,0,1,0
8887836,33956,33914,1.125,3.857142857142857,174.46666666666667,100.0,158.25,1,0,1,1,0
9097101,272,237,1.0,0.0163934426229508,141.4,0.0,151.83333333333334,0,0,1,0,0
9484614,40606,44904,0.75,1.975609756097561,178.06666666666666,40.0,162.06666666666666,0,0,1,1,1
9076927,40424,40298,0.5714285714285714,0.6058814836707551,160.5,0.0,121.06666666666666,0,1,1,0,0
9076913,47529,40424,0.25,1.4878048780487805,139.6,100.0,153.8,1,0,0,1,1
9085201,9701,9876,1.4166666666666667,0.6039603960396039,166.13333333333333,50.0,136.6153846153846,0,1,1,0,0
9256372,62,48,1.0526315789473684,0.6039603960396039,172.93333333333334,100.0,156.53846153846155,0,0,0,0,0
9085481,10618,8182,1.5454545454545454,1.0,164.73333333333332,50.0,146.16666666666666,0,0,0,0,0
9433682,7258,8056,1.5,1.975609756097561,186.3333333333333,50.0,154.56666666666666,1,1,1,0,0
9051090,40606,40578,1.0,0.5121951219512195,162.9,50.0,168.93333333333334,0,0,0,1,1
9681510,104,216,0.25,0.0476190476190476,,0.0,159.5,0,0,1,1,0
9668546,41,55,0.5714285714285714,1.975609756097561,176.8,60.0,152.9375,0,0,1,1,0
9684317,32388,12718,3.0,0.5061728395061729,131.9,0.0,133.20833333333334,0,1,1,1,0
9255945,55,48,0.9473684210526316,1.4878048780487805,168.93333333333334,75.0,144.625,0,1,1,1,1
9271786,47480,47501,1.0,1.0,151.46666666666667,33.33,130.26666666666668,0,0,1,1,0
9484677,40550,40578,0.6153846153846154,0.6721311475409836,191.13333333333333,60.0,204.91666666666663,1,1,1,1,1
9094224,46766,46745,0.875,0.6721311475409836,143.16666666666666,0.0,152.80769230769232,0,1,0,0,0
9299352,195,237,1.0,0.0123456790123456,143.0,0.0,144.75,0,1,1,1,1
9344425,23113,23869,2.5,1.0,143.33333333333334,0.0,144.07142857142858,0,1,1,1,1
9586996,38814,36126,1.125,1.0,168.6,66.67,157.0,1,1,0,0,0
9457517,35790,40424,0.8,1.2439024390243902,207.0,0.0,149.13333333333333,0,1,0,0,1
9388518,18570,17653,0.5454545454545454,1.4878048780487805,160.8,80.0,153.05,0,1,1,1,0
9272563,33942,33949,1.3636363636363635,0.5061728395061729,158.13333333333333,50.0,162.5,0,0,0,0,1
9262210,36084,36126,1.0,1.0,151.28571428571428,50.0,150.33333333333334,1,0,0,1,1
9702727,33928,33935,1.0714285714285714,0.4059405940594059,174.06666666666666,20.0,146.33333333333334,0,1,0,0,0
9330978,15413,45947,1.5,3.857142857142857,139.6,0.0,150.16666666666666,1,1,1,1,1
9250310,146,118,0.25,1.0,,0.0,180.5,1,0,1,1,0
9823050,146,202,1.0,1.0,134.2,100.0,142.0,0,1,0,1,0
9098837,188,293,1.1428571428571428,0.024390243902439,120.73333333333332,0.0,142.43333333333334,0,1,1,1,1
9290952,55,69,1.75,1.0,175.0,60.0,143.66666666666666,1,1,0,0,0
9094378,46731,46738,1.7,3.857142857142857,138.35714285714286,50.0,149.6,0,1,1,1,0
9097353,22784,23869,1.6666666666666667,0.4059405940594059,144.42857142857142,0.0,148.2,0,1,1,1,0
9290651,20,62,1.0,0.6721311475409836,181.66666666666663,40.0,161.3,1,0,0,0,1
9222415,20,27,0.8636363636363636,1.0,184.53333333333333,100.0,149.08333333333334,0,0,0,1,1
9085376,6838,8987,0.875,0.024390243902439,172.86666666666667,0.0,146.8,0,0,0,1,0
9680201,49650,47501,1.0,1.2469135802469136,180.0,0.0,153.07142857142858,0,1,1,1,0
9680320,47508,49657,1.5,1.2469135802469136,153.4,100.0,135.56666666666666,1,1,0,1,0
9749697,202,1322,5.0,61.0,158.6,0.0,,1,1,1,1,1
9866338,18570,18360,0.6666666666666666,0.6721311475409836,157.46666666666667,100.0,149.58333333333334,1,1,0,0,1
9388539,17744,18360,2.2,1.975609756097561,185.0,80.0,181.78571428571428,1,1,0,1,0
9097402,22784,22497,1.25,0.4117647058823529,140.44444444444446,0.0,144.0,0,1,0,0,1
9128608,30428,30393,1.125,1.3278688524590163,175.46666666666667,0.0,164.125,0,1,0,1,1
9097045,132,237,0.5,0.0147775971627013,,0.0,148.75,0,0,1,0,0
9484670,44904,40592,1.8888888888888888,1.9523809523809523,177.66666666666666,80.0,194.4,1,1,1,0,1
9087056,216,69,0.8181818181818182,0.6039603960396039,164.66666666666666,0.0,155.6,0,0,0,0,0
9702762,33956,33949,1.5454545454545454,81.0,163.6,100.0,147.5,1,0,1,1,0
9076836,47529,40452,0.2,101.0,125.0,0.0,120.26666666666668,1,1,1,0,0
9680292,47487,49650,2.1666666666666665,0.4117647058823529,160.33333333333334,0.0,138.56666666666666,1,0,1,1,0
9388574,18360,17653,0.4545454545454545,1.0,164.0,0.0,182.625,0,1,1,0,0
9128475,30428,48334,1.125,0.4059405940594059,171.26666666666668,0.0,167.3,1,1,0,0,1
9128692,30435,48341,1.75,0.2592592592592592,163.46666666666667,0.0,179.9,0,1,0,0,1
9331293,11465,12473,3.0,0.3442622950819672,112.1,0.0,153.06666666666666,1,1,0,0,0
9407747,48936,48922,1.875,1.0,169.5,0.0,164.66666666666666,0,1,0,0,0
9087035,223,76,0.6,0.0099009900990099,155.9090909090909,33.33,159.4375,0,0,0,0,0
9128643,30428,30435,1.2857142857142858,81.0,176.2,0.0,160.15,1,1,1,1,0
9271737,47508,47487,0.8888888888888888,0.5121951219512195,151.4,100.0,163.66666666666666,0,1,1,1,0
9489255,46731,46738,0.9523809523809524,2.9047619047619047,140.6,33.33,160.03333333333333,1,0,0,1,1
9516380,30421,48341,1.6,0.7530864197530864,173.93333333333334,0.0,139.96666666666667,0,1,0,1,0
9272780,33956,33935,1.4,1.2469135802469136,166.73333333333332,20.0,142.86666666666667,0,1,1,1,0
9330663,11283,14860,0.3333333333333333,0.5061728395061729,136.42857142857142,0.0,155.5,0,0,0,0,0
9837295,202,237,0.6666666666666666,1.0,151.6,60.0,148.5,0,1,0,1,0
9586975,36112,36126,1.6666666666666667,2.9047619047619047,172.53333333333333,50.0,158.3,1,1,1,1,1
9489269,46773,46759,1.1764705882352942,1.4878048780487805,142.66666666666666,0.0,145.3,0,0,0,0,0
9433416,8987,6838,1.181818181818182,1.4878048780487805,165.4,100.0,156.76666666666668,1,1,1,0,1
9085446,8301,10618,0.6111111111111112,1.3278688524590163,158.4,66.67,160.53846153846155,0,1,1,1,1
9344397,23316,22497,0.75,0.6721311475409836,157.57142857142858,0.0,149.04545454545453,0,0,1,0,0
9262077,36098,36112,1.1111111111111112,2.9047619047619047,171.66666666666666,100.0,164.7,1,0,1,1,0
9516681,30393,30421,1.4666666666666666,1.4878048780487805,182.86666666666667,100.0,152.66666666666666,1,1,1,0,0
9680257,49657,47501,0.75,0.8373170731707317,151.33333333333334,100.0,137.8,0,0,1,1,1
9271772,47487,47501,0.6,0.5061728395061729,160.35714285714286,0.0,130.8,0,0,0,0,0
9377241,34,41,1.7857142857142858,1.9523809523809523,177.2,80.0,173.35714285714286,1,1,1,1,0
9084697,7573,8700,0.9090909090909092,0.5121951219512195,165.46153846153845,50.0,184.8333333333333,0,1,1,0,0
9484551,44904,40564,1.6666666666666667,1.4878048780487805,170.8,66.67,142.5,1,1,0,0,1
9457678,45072,40298,0.7857142857142857,0.6039603960396039,162.30769230769232,100.0,148.6,0,1,0,1,0
9272710,33914,33935,0.7692307692307693,0.2592592592592592,161.6,0.0,156.26666666666668,0,1,1,0,0
9330964,13971,14454,0.125,1.0,137.88888888888889,0.0,150.16666666666666,0,1,0,0,0
9262028,36112,36126,0.8571428571428571,0.6721311475409836,179.33333333333334,66.67,157.56666666666666,0,1,0,1,0
9076990,40298,42573,0.9,1.0,163.0,0.0,127.03333333333332,0,1,0,0,1
9433367,10618,8301,1.625,1.4878048780487805,185.46666666666667,25.0,161.66666666666666,0,1,1,1,1
9123169,55,216,2.75,1.975609756097561,158.93333333333334,100.0,129.0,1,1,0,1,1
9272556,33914,33928,1.875,1.9523809523809523,164.33333333333334,66.67,152.16666666666666,1,0,0,0,0
9272402,33949,33928,1.25,1.4878048780487805,171.8,50.0,161.2,0,1,1,1,1
9516345,30407,30400,0.5454545454545454,1.4878048780487805,159.46666666666667,33.33,209.5,1,1,1,1,1
9292555,34,55,0.7894736842105263,1.0,162.6,33.33,,1,1,1,1,0
9516611,36014,30421,1.0,1.0,183.46666666666667,0.0,145.8,0,1,1,0,1
9097024,216,769,9.0,41.0,156.33333333333334,0.0,,1,1,1,1,1
9849769,1350,251,0.25,0.0123456790123456,117.0,0.0,136.6,0,1,0,1,0
9684618,45926,14860,0.125,0.0163934426229508,143.75,0.0,158.3125,0,1,0,0,0
9271667,47494,47480,0.9090909090909092,1.4878048780487805,150.1,50.0,159.83333333333334,1,0,1,0,0
9051062,44904,40578,2.5,1.3278688524590163,171.28571428571428,33.33,167.76666666666668,1,1,1,1,1
9272416,33935,33956,0.75,2.463414634146341,178.46666666666667,60.0,143.83333333333334,1,1,1,1,1
9123211,216,48,0.5263157894736842,0.024390243902439,158.53333333333333,0.0,148.75,0,0,1,0,0
9657094,251,825,3.0,2.359452374016895,134.7,100.0,126.83333333333331,1,1,0,0,1
9327485,825,251,1.0,0.0196078431372549,,0.0,,0,1,1,0,0
9051237,40606,40578,0.9166666666666666,1.9523809523809523,164.0,66.67,161.53846153846155,0,0,1,1,1
9087154,118,62,0.6111111111111112,1.0,126.0,0.0,149.8,0,0,1,0,0
9684107,14860,14454,1.0,1.4878048780487805,174.6,0.0,159.75,1,1,1,0,1
9388399,18360,17982,0.5,0.0123456790123456,162.0,66.67,148.75,0,1,0,1,0
9085012,10366,10618,0.8461538461538461,1.975609756097561,165.4,50.0,144.06666666666666,1,1,0,0,0
9027395,17982,17744,0.5,3.857142857142857,144.21428571428572,100.0,137.33333333333334,1,1,0,1,1
9084900,6838,8917,0.5454545454545454,1.9523809523809523,178.46666666666667,0.0,162.44444444444446,0,1,1,1,0
9459827,188,20,0.8421052631578947,0.5061728395061729,158.26666666666668,50.0,152.13333333333333,0,1,1,1,1
9262098,36098,36126,1.2222222222222223,1.0,171.0,0.0,160.1875,0,0,1,1,1
9782079,272,279,2.0,0.0099009900990099,132.33333333333334,0.0,136.0,0,0,1,1,1
8887731,33921,33942,0.3636363636363636,1.9523809523809523,167.0,100.0,,0,1,1,1,0
9084858,7573,9701,0.5882352941176471,0.3442622950819672,165.64285714285714,0.0,171.88888888888889,0,0,1,0,0
9085306,9701,7573,1.8,1.0,167.8,100.0,148.46666666666667,1,1,1,1,1
9657157,251,195,0.4,4.809523809523809,131.0,75.0,117.1,1,1,0,1,1
9684954,13397,11220,1.6,1.0,154.91666666666666,100.0,170.14285714285714,0,1,0,1,0
9614996,34,27,0.7058823529411765,0.3442622950819672,191.13333333333333,0.0,143.8,0,1,1,0,0
9085341,10366,10618,0.6470588235294118,0.7530864197530864,160.66666666666666,33.33,167.7,0,0,0,0,1
9433402,10366,6698,1.0,2.9047619047619047,174.26666666666668,33.33,152.43333333333334,0,0,1,1,0
9330992,45933,13957,0.6,0.5121951219512195,130.2,0.0,148.2,0,1,1,1,0
9097171,272,216,0.1428571428571428,0.024390243902439,144.0,0.0,138.0,0,1,1,0,0
9702790,33914,33942,0.5294117647058824,1.0,162.13333333333333,40.0,158.5,0,1,0,0,0
9330614,13957,11591,0.3571428571428571,1.0,143.9,0.0,140.0,1,1,0,0,0
8887675,33921,33928,0.5833333333333334,0.6721311475409836,166.93333333333334,0.0,162.33333333333334,0,0,0,1,1
9433080,6698,8987,0.7272727272727273,1.3278688524590163,162.93333333333334,0.0,149.06666666666666,1,0,1,0,0
9272647,33963,33935,1.0833333333333333,0.2592592592592592,170.93333333333334,50.0,137.8,0,0,1,1,0
9433794,9967,8056,0.5454545454545454,0.5061728395061729,180.26666666666668,40.0,162.56666666666666,0,1,0,0,1
9587052,36126,36070,2.0,1.4878048780487805,164.8,60.0,148.16666666666666,0,1,1,1,1
9433276,9967,7727,0.4444444444444444,0.2592592592592592,176.8,33.33,147.33333333333334,0,1,0,1,0
9076948,47529,40298,0.3333333333333333,0.8026315789473685,141.16666666666666,0.0,,1,1,1,1,1
9680313,49657,49650,1.8,1.4878048780487805,163.66666666666666,0.0,135.6,0,1,1,0,1
9433584,8301,10576,0.8,1.9523809523809523,166.66666666666666,50.0,159.83333333333334,1,1,0,0,0
9680187,49650,49657,1.1428571428571428,1.0,,0.0,138.3,1,0,1,1,1
9272465,33921,33914,0.5,0.0123456790123456,160.8,66.67,162.6,0,1,1,0,1
9272500,33956,33942,1.0,1.0,164.4,100.0,150.95833333333334,1,1,0,0,1
9684940,11374,11220,0.5,1.3278688524590163,134.33333333333334,0.0,184.5,1,0,0,1,0
9271744,47508,47494,0.75,0.5121951219512195,145.72727272727272,0.0,136.5,0,1,0,0,1
9087196,55,188,2.875,3.857142857142857,169.26666666666668,0.0,158.6153846153846,1,0,1,0,1
9327569,195,251,1.5,0.3209876543209876,135.5,0.0,138.0,0,0,0,0,0
9097262,23841,23869,1.0,0.4059405940594059,155.8,0.0,142.5,1,1,1,1,0
8887871,33963,33942,1.0,1.4878048780487805,173.06666666666666,100.0,156.1818181818182,1,1,1,1,1
8938418,34,20,0.7777777777777778,0.6721311475409836,157.86666666666667,50.0,151.56666666666666,1,1,0,0,1
9793846,62,188,0.375,0.5061728395061729,151.33333333333334,100.0,117.83333333333331,1,0,0,0,0
9085082,10618,6838,1.5714285714285714,2.9047619047619047,161.26666666666668,50.0,159.95454545454547,1,1,1,1,1
9271688,47494,47487,1.25,1.0,147.45454545454547,0.0,162.0,0,1,0,1,1
9128657,30414,36014,1.0714285714285714,0.5061728395061729,167.8,66.67,157.2,0,0,0,0,1
9097388,22784,23113,1.3333333333333333,0.3442622950819672,142.125,0.0,145.19230769230768,0,1,0,1,0
9516394,30400,30393,0.6875,0.5061728395061729,170.93333333333334,50.0,165.1,0,0,1,1,1
9433514,7573,7258,0.7,1.0,171.46666666666667,33.33,150.46153846153845,0,1,1,0,0
9713199,55,34,1.5384615384615383,3.857142857142857,185.86666666666667,80.0,140.8,1,1,1,1,0
9087203,62,34,1.0,0.6721311475409836,159.86666666666667,80.0,154.5,0,0,0,1,1
9407726,48943,48936,0.75,1.2439024390243902,162.25,0.0,142.86666666666667,0,1,0,1,1
9344257,23113,23316,2.0,1.7768715409263036,135.6,0.0,,1,1,1,0,0
9407642,48922,48733,1.0,1.0,135.5,0.0,147.75,0,1,0,0,0
9271653,47480,47487,1.25,0.6721311475409836,149.125,0.0,172.375,0,0,0,1,1
9433395,8056,7258,0.6923076923076923,0.5121951219512195,166.73333333333332,66.67,159.57142857142858,0,1,1,0,0
9084606,6838,8301,1.1428571428571428,0.0163934426229508,174.07692307692307,50.0,173.35714285714286,0,1,1,0,1
9457601,47529,42573,1.3333333333333333,2.9047619047619047,165.64285714285714,100.0,152.33333333333334,1,1,0,1,1
9407621,48922,48950,0.55,101.0,190.0,0.0,,1,1,1,1,0
9516492,48341,30428,0.7,1.975609756097561,165.0,100.0,158.6,1,1,1,1,0
9128769,30414,48341,1.6666666666666667,0.7530864197530864,171.0,0.0,164.9,0,0,1,0,0
9085460,7727,10366,0.8461538461538461,1.975609756097561,164.73333333333332,0.0,146.23333333333332,0,1,0,0,1
9407677,48733,48943,0.7142857142857143,1.0,139.25,0.0,133.83333333333334,1,1,1,0,0
9128349,30435,30421,1.0,1.4878048780487805,155.92857142857142,0.0,,0,1,0,1,0
9457489,40298,40452,3.0,1.0,159.45454545454547,0.0,152.86363636363637,1,0,1,0,1
9484600,40606,40592,1.1,3.857142857142857,178.73333333333332,60.0,163.8,1,0,1,0,1
9433374,7727,9701,1.2222222222222223,0.801980198019802,162.53333333333333,40.0,144.6,1,1,1,0,1
9094210,46752,46738,2.2857142857142856,0.2079207920792079,154.875,50.0,152.26666666666668,0,1,0,0,0
9680229,47508,47501,1.4545454545454546,1.0,150.8,25.0,149.45,0,1,1,1,1
9433724,9967,7573,0.5555555555555556,1.0,177.86666666666667,33.33,155.73333333333332,0,1,0,1,1
9433836,9701,8056,1.7142857142857142,0.7530864197530864,167.06666666666666,60.0,164.5,1,0,1,0,1
9702734,33942,33921,2.0,1.0,157.0,40.0,158.86666666666667,0,1,0,0,0
9331125,11591,13131,8.0,1.4878048780487805,158.33333333333334,0.0,141.85714285714286,1,1,1,1,0
8950801,55,69,2.0,4.809523809523809,153.0,33.33,142.42857142857142,1,1,1,1,1
9457398,47529,45072,1.2857142857142858,101.0,149.33333333333334,100.0,142.86666666666667,1,0,1,1,0
9516499,30414,30393,1.5,0.7530864197530864,174.2,75.0,167.0,0,1,1,0,1
9457566,40424,45072,1.6,0.2592592592592592,165.13333333333333,100.0,152.5,0,0,1,0,0
9076829,40424,40452,2.0,1.0,125.0,0.0,118.5,1,1,1,1,1
9516744,30407,30421,0.5,0.3442622950819672,179.86666666666667,0.0,155.9,1,1,1,0,1
9433689,7608,9967,1.0,61.0,158.13333333333333,66.67,161.14285714285714,1,1,1,0,0
9484586,40606,40578,1.1666666666666667,1.3278688524590163,175.53333333333333,75.0,163.6,1,0,1,0,1
9668560,55,41,2.2,1.0,176.0,60.0,166.33333333333334,1,0,0,1,0
9256379,48,188,2.5,101.0,164.26666666666668,60.0,154.67857142857142,1,0,0,1,1
9856734,216,76,3.5,0.6721311475409836,160.8,20.0,145.125,0,1,1,1,0
9290980,69,62,0.7647058823529411,2.463414634146341,159.46666666666667,100.0,144.2,0,1,1,1,1
9128622,30400,30421,0.95,0.5121951219512195,157.53333333333333,50.0,163.9,1,0,1,1,0
8887822,33956,33963,1.1428571428571428,1.3278688524590163,172.2,66.67,149.5,1,0,0,0,1
9250338,76,90,1.4,0.6058814836707551,160.0,0.0,148.5,1,1,1,1,1
9433843,9876,7258,0.7777777777777778,3.857142857142857,190.46666666666667,0.0,149.83333333333334,1,1,0,0,0
9489304,46745,46738,0.4782608695652174,1.4878048780487805,149.75,0.0,148.23333333333332,1,1,0,0,1
9489262,46752,46766,0.6666666666666666,0.5121951219512195,148.36363636363637,0.0,157.03333333333333,0,0,0,0,1
9262154,36112,38814,1.5714285714285714,1.0,169.4,75.0,156.0,0,0,1,0,1
8887766,33956,33935,0.875,1.0,173.06666666666666,75.0,,1,1,0,1,0
9086965,202,118,0.7777777777777778,1.4878048780487805,170.4,0.0,142.83333333333334,1,0,0,0,0
9457461,40452,45072,1.3333333333333333,1.4878048780487805,153.28571428571428,0.0,157.16666666666666,1,0,0,0,0
9128559,30407,30421,0.75,1.0,152.66666666666666,0.0,187.6428571428572,0,0,0,0,0
8797067,41,20,0.6666666666666666,0.5121951219512195,161.4,33.33,137.0,0,1,1,1,1
9433815,10366,6838,1.3636363636363635,3.857142857142857,176.2,60.0,159.26666666666668,1,0,0,1,1
9094308,46731,46780,2.2222222222222223,1.3278688524590163,139.16666666666666,33.33,148.23333333333332,0,0,1,1,0
9290644,62,20,0.5714285714285714,1.4878048780487805,165.4,60.0,161.1,0,0,0,1,0
9490053,188,216,2.6666666666666665,1.9523809523809523,161.6,0.0,157.9,0,1,1,1,1
9516716,30414,30421,1.3333333333333333,1.0,182.86666666666667,33.33,160.36363636363637,0,0,1,1,1
9051223,44904,40606,1.7,2.463414634146341,176.46666666666667,100.0,161.95454545454547,1,1,0,1,1
9225348,41,55,1.0,1.0,165.13333333333333,50.0,157.33333333333334,0,1,0,1,0
9128468,30421,30400,0.7777777777777778,0.3442622950819672,151.73333333333332,33.33,180.5,0,1,1,0,1
9489283,46738,46752,1.6153846153846154,0.5121951219512195,143.8,66.67,146.73333333333332,1,1,1,0,1
9587003,36126,36070,1.2222222222222223,0.6721311475409836,157.86666666666667,50.0,166.0,0,0,1,0,1
9096975,237,272,1.0,51.0,163.5,100.0,153.1,1,0,1,1,1
9457650,40424,35790,1.0,0.2592592592592592,159.8,0.0,154.4,0,1,1,1,0
9272584,33928,33914,0.625,1.0,179.2,50.0,155.6,0,1,1,1,0
9684128,13971,13131,0.5,0.024390243902439,126.27272727272728,0.0,159.75,0,1,0,0,0
9388385,17653,17583,0.8333333333333334,2.9047619047619047,168.46666666666667,100.0,155.86666666666667,1,0,0,0,0
9051020,40592,40550,0.6,0.3442622950819672,167.6,0.0,174.1,0,1,0,1,0
9262196,38814,36126,0.75,0.5121951219512195,165.4,50.0,145.75,0,0,0,1,1
9684541,15497,45940,11.0,2.9047619047619047,135.28571428571428,0.0,130.75,0,1,1,1,1
9225341,55,41,0.9333333333333332,1.975609756097561,175.2,100.0,156.66666666666666,1,1,1,1,0
9615066,20,41,1.0,0.3442622950819672,169.0,60.0,160.15,1,0,1,1,0
9484691,44904,40606,1.2857142857142858,0.6721311475409836,186.86666666666667,40.0,160.96666666666667,0,0,1,0,1
9128685,30421,36014,1.0,0.5061728395061729,162.8,100.0,178.05555555555554,0,1,0,0,1
9085432,9701,9876,1.6,0.6721311475409836,160.73333333333332,33.33,176.0,0,0,0,1,1
9087175,293,69,0.5384615384615384,0.2592592592592592,153.53333333333333,0.0,163.875,0,1,1,0,0
9097290,23750,22784,2.333333333333333,1.9523809523809523,142.33333333333334,100.0,153.625,1,1,1,0,1
9587080,36112,36126,0.6153846153846154,0.7530864197530864,170.8,60.0,144.25,0,0,0,1,0
9262105,36112,36084,1.125,0.3442622950819672,168.93333333333334,50.0,160.1875,0,0,0,0,0
9823029,202,237,0.3333333333333333,0.6721311475409836,157.33333333333334,100.0,,0,1,0,1,0
9433290,6698,10618,1.0,0.6721311475409836,164.13333333333333,66.67,167.2,1,1,1,1,0
8950836,55,34,1.7272727272727273,0.801980198019802,153.66666666666666,0.0,,0,1,0,0,1
9084753,8182,8987,0.9090909090909092,1.3278688524590163,164.07142857142858,0.0,147.76923076923077,0,1,0,0,1
9849643,1490,251,1.6666666666666667,0.7524752475247525,161.25,0.0,160.25,0,1,0,0,0
9433521,9876,9701,1.0909090909090908,0.7530864197530864,183.3333333333333,50.0,164.46666666666667,0,0,1,1,1
9830743,76,209,5.0,2.9047619047619047,155.6,0.0,,1,1,0,0,0
9271716,47480,47508,1.1111111111111112,2.9047619047619047,151.08333333333334,50.0,158.125,1,1,0,1,1
9085453,10618,9876,1.0909090909090908,1.0,166.06666666666666,0.0,140.9,0,1,0,1,1
9433472,6838,8301,1.2,1.9523809523809523,169.66666666666666,40.0,159.8,0,0,1,1,0
9085005,8301,6698,1.0,1.0,172.13333333333333,33.33,162.4,0,1,1,1,0
9489395,46759,46773,0.9375,1.4878048780487805,146.66666666666666,100.0,154.43333333333334,1,1,1,1,1
9344411,23841,23316,1.25,1.0,160.2,0.0,142.76923076923077,1,1,1,1,1
9433017,7608,8056,0.4166666666666667,0.5121951219512195,162.2,66.67,164.8181818181818,1,0,0,0,0
9123204,48,216,1.9,1.0,149.2,100.0,153.33333333333334,1,0,0,1,1
9151064,69,27,0.5909090909090909,0.0099009900990099,142.73333333333332,0.0,137.43333333333334,0,0,1,0,0
9681629,223,216,1.1666666666666667,0.024390243902439,153.91666666666666,0.0,153.75,0,0,0,0,1
9085313,7258,9876,0.7368421052631579,1.2469135802469136,163.8,100.0,147.65,0,1,1,1,1
9128734,48341,48334,0.4782608695652174,0.7530864197530864,171.33333333333334,0.0,160.8125,0,0,0,0,1
8887878,33935,33956,2.111111111111111,1.3278688524590163,177.66666666666666,40.0,159.1818181818182,1,0,0,0,1
9084949,8301,8182,1.0,0.7530864197530864,174.33333333333334,0.0,166.05555555555554,0,1,0,0,1
9433451,6698,8987,1.3333333333333333,0.6721311475409836,167.4,0.0,167.3125,0,1,1,0,0
9084935,8056,7258,1.25,1.0,161.8,100.0,135.71428571428572,0,1,0,0,0
9290973,62,69,1.4166666666666667,0.7530864197530864,160.93333333333334,0.0,146.33333333333334,1,1,0,0,0
9331384,12634,14454,0.4444444444444444,1.3278688524590163,135.15384615384616,0.0,164.65384615384616,1,0,0,1,1
9433430,10618,10576,1.181818181818182,1.3278688524590163,182.06666666666663,100.0,166.2,1,1,0,1,1
9433066,8917,6838,2.0,21.0,181.06666666666663,100.0,172.84615384615384,1,0,0,0,0
9457384,35790,40298,0.8888888888888888,0.0163934426229508,,0.0,140.9,0,0,0,0,1
9657136,251,195,0.75,1.975609756097561,130.22222222222223,50.0,121.9,1,1,0,0,1
9094259,46780,46738,0.8181818181818182,0.6039603960396039,150.2,0.0,149.8,0,0,1,0,1
9866331,17583,17653,2.833333333333333,0.5061728395061729,146.53333333333333,20.0,134.85,0,1,0,0,1
9301963,202,279,7.0,81.0,174.85714285714286,0.0,142.8181818181818,1,0,1,1,0
9272801,33921,33935,0.7272727272727273,1.0,152.13333333333333,20.0,143.9,0,1,1,0,0
9250359,174,146,0.5,1.0,218.5,0.0,135.0,1,0,1,1,0
9644109,48,202,3.6,1.4878048780487805,176.06666666666666,0.0,144.93333333333334,0,1,0,1,0
9085061,8301,8987,0.6923076923076923,1.9523809523809523,168.2,50.0,163.15,0,1,1,1,0
9684982,11220,11283,3.0,1.975609756097561,145.64285714285714,0.0,169.16666666666666,1,1,1,0,0
9128419,48334,36014,1.8461538461538465,4.809523809523809,210.0,0.0,130.0,0,1,0,0,1
9128412,30407,30414,0.5,1.0,152.4,50.0,194.25,0,1,0,0,1
9262224,36070,36084,1.2222222222222223,2.463414634146341,154.73333333333332,66.67,151.375,1,0,1,1,0
9128699,30407,30428,0.7777777777777778,0.6721311475409836,151.8,50.0,166.8,0,0,1,0,0
8887759,33921,33928,0.5,0.6721311475409836,163.93333333333334,100.0,167.9,0,1,1,1,0
9327583,1490,251,2.0,1.0,157.0,0.0,135.5,0,1,0,0,0
9096989,202,216,0.4444444444444444,2.463414634146341,185.0,100.0,153.1,0,0,0,1,1
9388371,17982,17653,0.8888888888888888,1.6557377049180328,151.4,80.0,147.4,1,1,1,1,0
9256365,188,48,0.4117647058823529,0.0099009900990099,139.13333333333333,60.0,157.95833333333334,0,0,0,0,0
8887808,33942,33949,0.8,1.0,157.73333333333332,66.67,161.75,0,0,0,1,0
9094273,46773,46738,1.0,0.5061728395061729,147.25,0.0,150.4,0,1,1,1,1
9433073,7608,7573,1.0,1.0,157.8,100.0,165.65,1,1,1,0,0
9301970,202,174,7.0,61.0,174.625,0.0,145.5,1,0,0,1,1
9256561,69,48,0.7058823529411765,1.9523809523809523,161.0,0.0,142.125,1,1,1,0,0
9084998,8917,10576,0.8666666666666667,2.9047619047619047,170.26666666666668,0.0,168.8125,0,0,0,1,1
9489465,46766,46738,0.9523809523809524,1.0,150.66666666666666,100.0,150.56666666666666,0,1,0,0,0
9128377,30400,30393,2.333333333333333,1.3278688524590163,148.13333333333333,66.67,,1,1,0,0,0
9587094,36084,36112,1.7777777777777777,1.6557377049180328,164.06666666666666,66.67,153.85,1,0,1,0,0
9433045,9967,9701,0.8333333333333334,0.3442622950819672,176.53333333333333,100.0,161.38888888888889,0,1,0,0,0
9085103,8182,8917,0.6363636363636364,0.7530864197530864,161.53333333333333,66.67,170.44444444444446,1,0,0,1,0
9837253,279,202,0.3333333333333333,1.2439024390243902,172.0,100.0,158.75,0,1,0,1,0
9457580,45072,42573,0.5555555555555556,3.857142857142857,163.5,0.0,156.6875,1,0,0,1,1
9150126,293,216,0.8571428571428571,61.0,167.83333333333334,0.0,154.4,1,0,0,1,0
9271681,47501,47480,1.0909090909090908,1.0,156.91666666666666,100.0,176.5,1,1,1,0,0
8887850,33928,33942,1.125,1.4878048780487805,168.0,50.0,157.2,1,0,0,1,1
9823071,237,202,1.25,3.857142857142857,134.27272727272728,50.0,,1,1,0,1,0
9837218,272,125,2.0,21.0,137.85714285714286,0.0,164.5,1,1,1,1,1
9516520,30393,30407,3.2,1.0,181.46666666666667,33.33,177.16666666666666,1,1,0,0,1
9433129,6698,8917,0.625,61.0,164.66666666666666,50.0,169.57142857142858,1,1,1,1,0
9344250,23750,22763,1.5,1.975609756097561,137.6,50.0,,0,1,0,0,1
9331349,14860,13397,1.0,1.0,174.0,0.0,158.3181818181818,1,1,0,0,1
9097164,272,237,1.0,1.0,153.0,0.0,140.0,1,0,1,1,0
9262056,36070,36112,1.1,1.0,154.2,50.0,155.03333333333333,0,1,0,0,1
9433010,10576,8917,0.631578947368421,0.5121951219512195,172.6,50.0,171.54166666666666,0,0,0,1,1
9516814,36014,30435,0.875,0.5061728395061729,186.6,0.0,173.26666666666668,0,1,0,0,0
9330586,12046,14454,2.333333333333333,1.4878048780487805,168.375,0.0,165.0,0,1,0,1,1
9516793,30407,30428,0.238095238095238,0.6721311475409836,179.0,50.0,165.75,0,1,1,0,0
9084970,6838,10366,0.5,0.3442622950819672,178.66666666666666,66.67,161.8,0,1,1,1,0
9344320,22763,22497,0.75,0.6721311475409836,142.36363636363637,0.0,152.28571428571428,1,0,0,0,0
9516408,30428,30421,1.0,0.5121951219512195,174.26666666666668,66.67,148.5,0,0,1,0,1
9292562,55,34,1.4285714285714286,1.3278688524590163,167.53333333333333,75.0,135.85,0,0,0,1,1
9344299,23841,22497,0.4285714285714285,0.0123456790123456,159.66666666666666,0.0,157.0,0,0,1,0,1
8950808,69,55,0.4347826086956521,0.2079207920792079,137.06666666666666,50.0,,0,1,0,0,0
9128440,30421,48334,0.65,0.2079207920792079,154.8,0.0,146.5,1,1,1,0,0
9272395,33942,33921,2.0,21.0,157.6,25.0,,0,1,1,1,1
9433787,6698,8301,1.5555555555555556,2.9047619047619047,175.26666666666668,80.0,164.55555555555554,1,1,1,1,1
9388469,17583,17653,0.8333333333333334,1.0,154.86666666666667,20.0,138.125,0,1,1,1,0
9457531,45072,47529,0.3076923076923077,0.7530864197530864,170.85714285714286,50.0,149.5,0,1,0,1,1
9407740,48943,48950,0.7368421052631579,1.0,171.8,0.0,141.3,0,1,0,1,0
9085257,9967,9876,1.0769230769230769,0.6039603960396039,174.4,0.0,154.25,0,1,1,0,1
9272654,33921,33914,0.7222222222222222,1.0,160.26666666666668,75.0,156.96666666666667,0,1,1,1,1
9076955,42573,45072,1.1428571428571428,61.0,150.8,100.0,,1,1,1,1,1
9459813,20,188,1.05,4.809523809523809,172.06666666666666,100.0,157.96428571428572,1,0,1,0,0
9225334,55,41,1.6,1.3278688524590163,168.2,0.0,,1,1,0,0,1
9684947,15497,14454,1.3333333333333333,1.0,140.11111111111111,0.0,170.14285714285714,0,1,0,1,0
9657052,195,251,0.6666666666666666,0.2079207920792079,129.4,0.0,129.0,0,1,0,1,1
9489381,46780,46759,0.5625,0.5061728395061729,152.4,100.0,162.46666666666667,0,0,0,0,1
9680250,49650,47508,0.75,0.6296296296296297,148.5,0.0,137.73333333333332,0,0,0,0,0
9516464,36014,30400,0.8823529411764706,0.0163934426229508,172.06666666666666,25.0,165.46666666666667,0,0,0,0,1
9094280,46766,46731,0.7894736842105263,0.0163934426229508,147.5,0.0,153.42857142857142,0,1,1,0,0
9327541,825,1210,0.5,1.0,103.0,0.0,136.25,1,1,1,1,1
9331132,45961,45933,0.3333333333333333,1.0,151.1,0.0,141.85714285714286,1,1,1,1,1
9085425,9967,7727,0.7,0.2592592592592592,174.26666666666668,50.0,159.0,0,1,0,0,0
9433122,10576,8301,1.3333333333333333,0.2592592592592592,172.93333333333334,33.33,161.9375,0,1,0,0,1
9489346,46780,46752,0.9090909090909092,2.9047619047619047,154.53333333333333,100.0,164.56666666666666,1,0,0,0,0
9027430,18360,17653,0.75,0.0123456790123456,164.6,0.0,181.16666666666663,0,1,0,1,0
9433808,9967,7608,1.75,1.4878048780487805,179.2,50.0,168.28571428571428,1,0,1,1,0
8887710,33914,33928,1.2,1.0,161.33333333333334,50.0,162.1153846153846,0,1,0,1,1
9272381,33949,33963,0.6470588235294118,1.3278688524590163,175.8,100.0,159.8181818181818,0,1,1,1,0
9433220,8182,6838,1.4,1.9523809523809523,163.4,50.0,154.03571428571428,1,1,0,0,0
9433031,9876,8700,0.5454545454545454,1.0,164.33333333333334,100.0,141.57692307692307,1,0,1,0,1
9586926,36112,36070,2.333333333333333,0.5061728395061729,167.0,25.0,155.5,0,1,1,1,1
9084851,8700,9967,1.2222222222222223,1.0,175.35714285714286,100.0,154.1,0,1,0,1,0
9433052,8301,10366,0.6428571428571429,1.6557377049180328,159.6,0.0,162.0,1,1,1,0,0
9516772,48334,30435,0.7368421052631579,0.2592592592592592,184.53333333333333,100.0,143.77272727272728,0,0,0,0,1
9484628,40564,40592,1.2857142857142858,1.9523809523809523,164.4,50.0,,0,1,1,0,0
9185392,30428,48341,1.7272727272727273,1.0,171.06666666666666,0.0,150.22222222222223,0,0,1,0,0
8797074,20,41,1.181818181818182,0.5121951219512195,155.06666666666666,50.0,162.66666666666666,1,0,1,0,1
9272787,33942,33921,1.2727272727272727,1.3278688524590163,158.33333333333334,40.0,158.6,1,1,0,1,0
9484684,40564,40606,0.2307692307692307,0.5061728395061729,162.66666666666666,75.0,159.96666666666667,0,0,1,0,1
9094427,46759,46766,1.5,2.9047619047619047,139.5,100.0,155.93333333333334,1,1,0,1,0
9051034,40564,40592,1.875,1.9523809523809523,167.58333333333334,100.0,174.9,1,1,1,0,0
9587059,36112,38814,0.6923076923076923,3.857142857142857,172.53333333333333,80.0,140.375,1,0,1,1,0
9484635,40550,40606,0.8333333333333334,0.6039603960396039,185.4,0.0,166.0,0,1,0,0,1
9128755,30407,30393,0.8125,0.6721311475409836,155.66666666666666,50.0,179.4090909090909,0,0,0,0,1
8938404,20,34,1.4444444444444444,1.0,165.6,0.0,154.64285714285714,0,1,1,1,1
9702678,33956,33942,1.6666666666666667,1.3278688524590163,166.8,100.0,147.73333333333332,1,0,1,1,1
9684072,11283,13166,1.0,0.5121951219512195,136.4,0.0,139.75,0,1,0,0,1
9433703,10366,10576,0.75,1.3278688524590163,175.46666666666667,50.0,156.5,1,0,1,0,1
9793839,62,293,1.6666666666666667,1.4878048780487805,154.93333333333334,100.0,119.0,1,0,1,0,0
9684240,14860,12473,8.0,1.3278688524590163,177.8,100.0,156.5,1,1,0,0,0
9440507,55,69,1.1666666666666667,1.0,170.73333333333332,60.0,141.9090909090909,0,1,1,1,1
9388420,17982,17744,0.4705882352941176,1.975609756097561,143.66666666666666,100.0,186.1,1,1,1,0,0
9457692,45072,40298,0.7142857142857143,0.6039603960396039,161.13333333333333,50.0,153.43333333333334,0,1,1,0,0
9440556,48,55,0.9545454545454546,0.2592592592592592,170.66666666666666,20.0,154.0,0,1,0,0,1
9292541,27,55,0.6,1.975609756097561,142.33333333333334,100.0,,1,1,0,1,0
9097017,202,258,5.0,101.0,175.66666666666666,0.0,144.42857142857142,1,0,1,1,1
9018225,62,27,1.105263157894737,1.0,162.33333333333334,0.0,161.6,1,0,1,1,0
9484579,40606,40550,1.3,1.3278688524590163,170.8,100.0,162.26666666666668,0,0,0,1,1
9087105,34,188,1.6666666666666667,2.9047619047619047,167.73333333333332,100.0,154.71428571428572,1,0,1,0,1
9432996,6698,8182,1.0,1.2469135802469136,160.4,0.0,148.96666666666667,1,0,0,1,0
9680208,47508,47487,1.3,1.0,147.85714285714286,75.0,148.75,0,1,1,1,1
9272752,33914,33942,0.6,0.2592592592592592,159.33333333333334,50.0,158.73333333333332,0,0,0,0,0
9516723,30400,30428,0.6470588235294118,0.6721311475409836,179.0,50.0,176.1,0,0,0,0,0
9331104,13971,15413,1.0,0.2592592592592592,128.1,0.0,127.9,0,1,0,0,0
9516702,30407,30400,0.7,1.9523809523809523,177.06666666666666,50.0,173.0,1,0,1,0,0
9516527,30400,30421,0.9333333333333332,1.9523809523809523,186.46666666666667,40.0,143.86666666666667,0,1,1,1,0
8887892,33914,33956,2.5,1.3278688524590163,161.06666666666666,33.33,152.41666666666666,0,0,1,1,0
9222422,20,27,1.1,1.4878048780487805,191.53333333333333,100.0,158.4,0,1,1,1,1
9084760,8056,7608,2.333333333333333,1.4878048780487805,166.8,50.0,172.0,1,1,1,0,0
9128706,48334,30400,1.0555555555555556,3.857142857142857,179.28571428571428,0.0,164.0,1,0,1,1,1
9684373,12473,12389,0.5,1.4878048780487805,138.07142857142858,0.0,160.75,1,1,1,1,1
9433829,8917,8182,0.6666666666666666,1.0,185.26666666666668,40.0,151.5,1,1,0,1,0
9489360,46773,46731,0.8,0.5061728395061729,141.76923076923077,0.0,141.0,0,0,0,0,1
9292534,55,27,1.818181818181818,0.7530864197530864,175.2,0.0,,0,1,0,0,0
9407712,48943,48922,1.625,1.650487804878049,174.0,0.0,143.73333333333332,0,1,1,0,0
9587010,36098,36070,1.0,1.4878048780487805,166.0,33.33,158.3,0,0,1,1,0
9128384,30414,48334,0.782608695652174,41.0,170.6,0.0,178.0,1,1,1,1,0
9271702,47494,47480,1.0,0.5061728395061729,149.66666666666666,33.33,161.83333333333334,0,1,0,0,1
9489472,46780,46773,0.3529411764705882,0.5121951219512195,156.33333333333334,100.0,161.66666666666666,0,0,0,1,1
9262112,36098,36070,1.0909090909090908,0.7530864197530864,169.71428571428572,50.0,157.9,0,0,0,1,0
9327520,958,251,1.0,1.3289473684210529,154.0,0.0,136.8,0,0,1,0,0
9684933,12473,15497,0.0909090909090909,1.6557377049180328,142.73333333333332,0.0,184.5,1,0,1,0,0
9587143,36084,36098,1.5,3.857142857142857,163.93333333333334,60.0,153.91666666666666,1,1,0,0,1
9433563,7258,8700,1.8571428571428568,81.0,176.8,75.0,143.07142857142858,1,0,0,1,1
9516765,48341,36014,0.8125,1.0,168.33333333333334,0.0,165.26666666666668,1,1,0,0,1
9128650,48334,30421,0.8947368421052632,1.3278688524590163,176.66666666666666,100.0,163.86666666666667,1,0,1,1,1
9377255,41,34,0.6,0.3442622950819672,174.2,40.0,157.07142857142858,0,1,1,0,1
9327576,825,1490,0.25,0.504950495049505,144.0,0.0,138.0,0,0,0,1,0
9084690,8301,10618,0.6666666666666666,2.9047619047619047,175.73333333333332,50.0,169.13636363636363,0,0,1,1,1
9272591,33949,33956,0.7857142857142857,1.0,167.4,0.0,158.9,0,0,1,1,0
9433213,6698,8301,1.3333333333333333,0.6721311475409836,163.13333333333333,75.0,162.3,0,1,1,0,1
9084704,9967,8056,1.1875,0.6721311475409836,164.23076923076923,50.0,150.375,0,1,0,0,1
9097423,22763,23750,0.5714285714285714,1.0,142.75,100.0,146.66666666666666,1,1,0,1,0
9489430,46759,46738,1.0,1.3278688524590163,149.6,50.0,144.56666666666666,1,1,1,1,1
9097318,23841,22784,1.0,1.9523809523809523,157.0,100.0,148.75,1,1,1,0,0
9272675,33956,33935,1.0,1.0,158.93333333333334,20.0,149.5,0,1,1,1,1
9076892,40298,40424,1.0,1.9803921568627447,158.0,0.0,156.66666666666666,0,0,0,0,1
9484663,40550,44904,0.75,1.4878048780487805,186.06666666666663,25.0,182.25,1,1,1,1,0
9433318,7573,9967,1.4,2.9047619047619047,162.0,50.0,162.4090909090909,1,1,1,1,1
9076808,40424,47529,8.0,1.0,,0.0,112.8846153846154,1,1,1,1,0
9094336,46745,46780,1.6363636363636365,0.6721311475409836,151.4,0.0,148.86666666666667,0,0,1,0,1
9084620,7608,9967,0.3333333333333333,0.5121951219512195,175.91666666666666,50.0,171.875,0,1,0,1,1
9094441,46766,46731,0.5882352941176471,0.6721311475409836,154.54545454545453,0.0,143.33333333333334,0,0,1,0,0
9344453,22763,22497,1.0,0.6721311475409836,136.53846153846155,0.0,148.6,0,0,1,1,1
9085159,8056,8700,0.8,0.5121951219512195,162.0,100.0,146.3125,0,0,1,1,0
9407810,48929,48950,0.8235294117647058,1.0,170.0,50.0,165.0,1,1,1,1,1
9167920,251,209,0.5,0.0476190476190476,,0.0,,0,1,0,1,0
8887703,33949,33942,0.4,41.0,171.06666666666666,50.0,162.6875,0,0,0,1,0
9433458,9701,7608,5.5,1.975609756097561,158.0,100.0,161.95833333333334,1,1,0,0,1
9837267,202,146,0.4285714285714285,1.4878048780487805,149.66666666666666,33.33,145.2,1,1,0,1,1
9128342,30414,30400,0.7272727272727273,0.5061728395061729,168.93333333333334,100.0,170.66666666666666,0,1,0,1,0
9128580,48341,30400,0.5625,1.650487804878049,175.0,0.0,161.05555555555554,0,1,0,1,1
9407775,48733,48929,1.0,0.3442622950819672,148.83333333333334,0.0,157.66666666666666,0,1,1,0,0
9586968,36084,38814,1.0,1.9523809523809523,156.93333333333334,0.0,157.06666666666666,1,1,1,1,1
9680299,49650,47508,0.3333333333333333,0.6039603960396039,118.6,0.0,133.26666666666668,0,0,0,0,0
9027409,18570,17982,1.1666666666666667,0.4059405940594059,170.53333333333333,100.0,,0,1,0,0,0
9433171,10618,8987,1.0,0.3442622950819672,179.13333333333333,50.0,156.9,1,1,0,0,1
9433136,7608,8700,0.6363636363636364,0.0476190476190476,158.73333333333332,100.0,,0,1,1,1,1
9725757,55,27,1.3888888888888888,1.0,179.73333333333332,75.0,108.0,0,1,0,0,1
9086979,76,216,1.1111111111111112,1.3278688524590163,157.46666666666667,40.0,159.57142857142858,1,0,1,1,1
9094294,46745,46773,1.3636363636363635,0.6721311475409836,152.33333333333334,100.0,167.66666666666666,1,1,0,0,0
9702769,33935,33942,0.7058823529411765,2.463414634146341,148.6,100.0,148.0,1,1,0,1,1
9097157,202,216,0.2222222222222222,1.6557377049180328,192.0,0.0,148.5,0,1,0,0,1
9433381,10576,8182,0.7692307692307693,2.9047619047619047,179.2,33.33,180.0,0,1,1,1,0
9123218,34,216,2.375,41.0,159.6,100.0,162.0,1,1,1,1,1
9433038,9876,8056,0.6666666666666666,1.0,167.86666666666667,50.0,142.73333333333332,1,1,1,0,1
9684422,15413,15301,0.3,1.0,137.84615384615384,0.0,130.5,0,1,0,1,0
9866366,17744,17982,2.2857142857142856,0.6721311475409836,186.26666666666668,20.0,169.0,0,1,0,0,1
9087161,55,34,1.7333333333333334,1.6557377049180328,171.73333333333332,80.0,149.8,1,0,0,1,0
9344278,23750,23113,0.8,1.975609756097561,140.36363636363637,0.0,160.83333333333334,0,1,0,1,1
9085285,9967,8056,2.333333333333333,2.9047619047619047,175.06666666666666,66.67,165.45,1,0,0,0,0
9516751,30393,30428,1.3333333333333333,0.5061728395061729,181.2,66.67,142.5,1,1,0,0,1
9085033,7727,7573,1.125,1.9523809523809523,163.66666666666666,100.0,148.15384615384616,1,1,0,0,1
9051188,40564,40606,1.181818181818182,0.024390243902439,166.0,50.0,168.625,0,1,0,1,1
9330880,45933,11220,0.6666666666666666,0.5121951219512195,131.88888888888889,0.0,156.125,0,1,1,1,0
9327548,1490,1196,2.0,101.0,155.0,0.0,136.8,1,0,1,1,1
9516800,30414,30421,1.2142857142857142,1.0,180.86666666666667,50.0,156.6,1,1,0,0,1
9097080,216,272,4.5,61.0,155.86666666666667,100.0,159.25,1,0,1,0,1
9484516,40592,40564,0.75,1.9523809523809523,170.33333333333334,33.33,174.36666666666667,0,0,0,0,1
9484502,40564,40578,1.0,1.0,167.86666666666667,0.0,173.9,1,0,1,1,0
9084774,6838,10576,0.5384615384615384,0.5121951219512195,176.46666666666667,0.0,162.5,0,1,1,1,1
9433115,9876,9967,1.6,2.9047619047619047,170.0,50.0,144.6,1,1,1,1,0
9388567,17583,18570,1.125,0.3442622950819672,153.93333333333334,33.33,152.77272727272728,0,1,1,0,1
9128433,30435,30400,0.75,1.0,157.33333333333334,50.0,171.75,0,0,1,1,0
8950815,69,55,0.6,0.2079207920792079,143.86666666666667,40.0,184.5,0,1,0,0,0
9837288,769,272,0.5,1.650487804878049,160.0,0.0,150.75,0,1,0,1,0
9457643,42573,45072,0.5555555555555556,0.3442622950819672,168.13333333333333,66.67,154.4,0,1,0,0,0
9272486,33914,33935,1.1538461538461535,0.7530864197530864,165.4,0.0,143.23076923076923,0,1,0,0,0
9128601,30407,30414,0.8235294117647058,1.0,147.33333333333334,66.67,166.4,0,0,0,0,1
9433241,8700,9701,1.5714285714285714,0.0123456790123456,167.4,0.0,170.46666666666667,0,0,1,0,0
9097227,22497,23869,3.0,1.0,,0.0,,1,1,1,1,0
9516695,30428,36014,0.7894736842105263,1.4878048780487805,182.8,66.67,133.375,1,1,1,1,0
9433633,7727,7608,4.0,1.975609756097561,167.33333333333334,100.0,164.19230769230768,1,1,0,0,0
